system	pos	wt	mut	dq	ddg	source
1mel	1	V	A	0	-0.4732639442236326	odas:1mel
1mel	2	Q	A	0	0.5610505161075992	odas:1mel
1mel	3	L	A	0	6.290688328630278	odas:1mel
1mel	4	Q	A	0	-0.1760089346051572	odas:1mel
1mel	6	S	A	0	0.4283563698217216	odas:1mel
1mel	7	G	A	0	2.5588707843541503	odas:1mel
1mel	8	G	A	0	2.077289499013812	odas:1mel
1mel	9	G	A	0	0.1641316256829617	odas:1mel
1mel	10	S	A	0	0.321029892563053	odas:1mel
1mel	11	V	A	0	0.9934318120993476	odas:1mel
1mel	12	Q	A	0	1.0122014900032	odas:1mel
1mel	14	G	A	0	2.913254704799844	odas:1mel
1mel	15	G	A	0	0.8011093560473563	odas:1mel
1mel	16	S	A	0	0.7849473204050437	odas:1mel
1mel	17	L	A	0	1.2798727315194045	odas:1mel
1mel	18	R	A	-1	1.142178840191491	odas:1mel
1mel	19	L	A	0	3.555671652241031	odas:1mel
1mel	20	S	A	0	0.250976411911592	odas:1mel
1mel	21	C	A	0	1.8249689408220964	odas:1mel
1mel	24	S	A	0	0.3782873396939603	odas:1mel
1mel	25	G	A	0	4.05646498314238	odas:1mel
1mel	26	Y	A	0	1.303490331400024	odas:1mel
1mel	27	T	A	0	0.5171239324959487	odas:1mel
1mel	28	I	A	0	0.6757123135485461	odas:1mel
1mel	29	G	A	0	0.5205180245530094	odas:1mel
1mel	31	Y	A	0	1.6994482230607098	odas:1mel
1mel	32	C	A	0	2.606088647995949	odas:1mel
1mel	33	M	A	0	6.4189846225547615	odas:1mel
1mel	34	G	A	0	-0.449127137785867	odas:1mel
1mel	35	W	A	0	9.239235272086985	odas:1mel
1mel	36	F	A	0	3.834272698538375	odas:1mel
1mel	37	R	A	-1	5.50632980285053	odas:1mel
1mel	38	Q	A	0	-0.8492948216467795	odas:1mel
1mel	41	G	A	0	2.300900847502387	odas:1mel
1mel	42	K	A	-1	1.7536243668308842	odas:1mel
1mel	43	E	A	1	-0.1599525744491217	odas:1mel
1mel	44	R	A	-1	1.7151800609860288	odas:1mel
1mel	45	E	A	1	1.803156908843306	odas:1mel
1mel	46	G	A	0	0.0031313425691532	odas:1mel
1mel	47	V	A	0	4.198387590332153	odas:1mel
1mel	50	I	A	0	4.305318369143143	odas:1mel
1mel	51	N	A	0	1.3828346764047836	odas:1mel
1mel	52	M	A	0	2.123949299723113	odas:1mel
1mel	53	G	A	0	3.1505099906849896	odas:1mel
1mel	54	G	A	0	0.4888638615242318	odas:1mel
1mel	55	G	A	0	1.4389958266967664	odas:1mel
1mel	56	I	A	0	1.8103402474361865	odas:1mel
1mel	57	T	A	0	-1.373439146970208	odas:1mel
1mel	58	Y	A	0	1.2542898833213734	odas:1mel
1mel	59	Y	A	0	2.3790668672770536	odas:1mel
1mel	61	D	A	1	0.30732990876254	odas:1mel
1mel	62	S	A	0	0.3444470954256271	odas:1mel
1mel	63	V	A	0	-2.55286803321622	odas:1mel
1mel	64	K	A	-1	0.3922462594154154	odas:1mel
1mel	65	G	A	0	2.8383588133473907	odas:1mel
1mel	66	R	A	-1	5.596629495971797	odas:1mel
1mel	67	F	A	0	0.6902090689200842	odas:1mel
1mel	68	T	A	0	1.2488060322610188	odas:1mel
1mel	69	I	A	0	4.353066041338478	odas:1mel
1mel	70	S	A	0	-0.0271159587478608	odas:1mel
1mel	71	Q	A	0	-0.238633579151255	odas:1mel
1mel	72	D	A	1	-0.0656299872478314	odas:1mel
1mel	73	N	A	0	0.0505795564722859	odas:1mel
1mel	75	K	A	-1	0.8134098012330568	odas:1mel
1mel	76	N	A	0	-0.1539112286592399	odas:1mel
1mel	77	T	A	0	0.1049048700828514	odas:1mel
1mel	78	V	A	0	4.269163827545665	odas:1mel
1mel	79	Y	A	0	3.008335577804408	odas:1mel
1mel	80	L	A	0	3.201890502629105	odas:1mel
1mel	81	L	A	0	2.343057501866477	odas:1mel
1mel	82	M	A	0	3.4216667566357883	odas:1mel
1mel	83	N	A	0	1.322768392121631	odas:1mel
1mel	84	S	A	0	0.2511526001280191	odas:1mel
1mel	85	L	A	0	3.4157216821044862	odas:1mel
1mel	86	E	A	1	0.3824344666923451	odas:1mel
1mel	88	E	A	1	-0.4562535463298047	odas:1mel
1mel	89	D	A	1	0.970249404336016	odas:1mel
1mel	90	T	A	0	1.544481676227992	odas:1mel
1mel	92	I	A	0	2.015134190376733	odas:1mel
1mel	93	Y	A	0	6.645154380393516	odas:1mel
1mel	94	Y	A	0	1.680071379995738	odas:1mel
1mel	95	C	A	0	3.369899752101301	odas:1mel
1mel	98	D	A	1	-0.7242786524572011	odas:1mel
1mel	99	S	A	0	0.2481331984255752	odas:1mel
1mel	100	T	A	0	2.5652071913182404	odas:1mel
1mel	101	I	A	0	0.4245126592727706	odas:1mel
1mel	102	Y	A	0	3.996363201290919	odas:1mel
1mel	104	S	A	0	0.0182858265022551	odas:1mel
1mel	105	Y	A	0	0.7447639082028044	odas:1mel
1mel	106	Y	A	0	1.8191519855931	odas:1mel
1mel	107	E	A	1	-0.5102217320416713	odas:1mel
1mel	108	C	A	0	0.708456760448837	odas:1mel
1mel	109	G	A	0	-0.0587169505739	odas:1mel
1mel	110	H	A	0	-6.628635651604412	odas:1mel
1mel	111	G	A	0	-1.0677389769151189	odas:1mel
1mel	112	L	A	0	6.206468320139411	odas:1mel
1mel	113	S	A	0	-0.0662093924394606	odas:1mel
1mel	114	T	A	0	0.0853665339745788	odas:1mel
1mel	115	G	A	0	3.5695641011231665	odas:1mel
1mel	116	G	A	0	0.2432568579103264	odas:1mel
1mel	117	Y	A	0	0.1310231694798922	odas:1mel
1mel	118	G	A	0	2.6608496376526336	odas:1mel
1mel	119	Y	A	0	-0.2721436405849324	odas:1mel
1mel	120	D	A	1	-0.6402572251253105	odas:1mel
1mel	121	S	A	0	0.3540175738647377	odas:1mel
1mel	122	W	A	0	0.7748701698025009	odas:1mel
1mel	123	G	A	0	-1.3673099821251613	odas:1mel
1mel	124	Q	A	0	0.456491903610086	odas:1mel
1mel	125	G	A	0	0.7466797931021514	odas:1mel
1mel	126	T	A	0	1.503537612024374	odas:1mel
1mel	127	Q	A	0	-0.5189281368257497	odas:1mel
1mel	128	V	A	0	4.264804270447815	odas:1mel
1mel	129	T	A	0	1.3604908137194407	odas:1mel
1mel	130	V	A	0	4.397175166394241	odas:1mel
1mel	131	S	A	0	0.3141195958805323	odas:1mel
1mel	132	S	A	0	-0.1093555328897291	odas:1mel
1mel	1	V	D	-1	-0.951704505922038	odas:1mel_aspscan
1mel	2	Q	D	-1	2.101962988698716	odas:1mel_aspscan
1mel	3	L	D	-1	6.718048205451581	odas:1mel_aspscan
1mel	4	Q	D	-1	2.998639799422236	odas:1mel_aspscan
1mel	5	A	D	-1	6.278781062835236	odas:1mel_aspscan
1mel	6	S	D	-1	1.8393900780446013	odas:1mel_aspscan
1mel	10	S	D	-1	1.082242047197724	odas:1mel_aspscan
1mel	11	V	D	-1	4.772858123332384	odas:1mel_aspscan
1mel	12	Q	D	-1	1.3983321796784765	odas:1mel_aspscan
1mel	13	A	D	-1	1.7934408568920617	odas:1mel_aspscan
1mel	16	S	D	-1	1.7210773905867995	odas:1mel_aspscan
1mel	17	L	D	-1	6.927505091463729	odas:1mel_aspscan
1mel	19	L	D	-1	14.773218286638084	odas:1mel_aspscan
1mel	20	S	D	-1	0.5422892804770356	odas:1mel_aspscan
1mel	21	C	D	-1	17.66320705550244	odas:1mel_aspscan
1mel	22	A	D	-1	2.5548747601263813	odas:1mel_aspscan
1mel	23	A	D	-1	9.216721957540386	odas:1mel_aspscan
1mel	24	S	D	-1	2.037465437207544	odas:1mel_aspscan
1mel	26	Y	D	-1	5.781473300721032	odas:1mel_aspscan
1mel	27	T	D	-1	0.5698914835623157	odas:1mel_aspscan
1mel	28	I	D	-1	2.181152392372013	odas:1mel_aspscan
1mel	31	Y	D	-1	4.925740951611758	odas:1mel_aspscan
1mel	32	C	D	-1	10.740409716068754	odas:1mel_aspscan
1mel	33	M	D	-1	34.21329690353977	odas:1mel_aspscan
1mel	36	F	D	-1	11.273174216056276	odas:1mel_aspscan
1mel	38	Q	D	-1	1.7563512605887297	odas:1mel_aspscan
1mel	39	A	D	-1	2.425676663215512	odas:1mel_aspscan
1mel	42	K	D	-2	3.285144255646074	odas:1mel_aspscan
1mel	43	E	D	0	-0.1791388828498306	odas:1mel_aspscan
1mel	45	E	D	0	2.2229539152466025	odas:1mel_aspscan
1mel	47	V	D	-1	18.3414680196761	odas:1mel_aspscan
1mel	48	A	D	-1	38.24385576049816	odas:1mel_aspscan
1mel	49	A	D	-1	15.349574838217706	odas:1mel_aspscan
1mel	50	I	D	-1	16.65460266751829	odas:1mel_aspscan
1mel	51	N	D	-1	3.922974247613631	odas:1mel_aspscan
1mel	52	M	D	-1	11.292085554675808	odas:1mel_aspscan
1mel	56	I	D	-1	1.6972917551330795	odas:1mel_aspscan
1mel	57	T	D	-1	0.1935746645525284	odas:1mel_aspscan
1mel	58	Y	D	-1	4.962842568170444	odas:1mel_aspscan
1mel	59	Y	D	-1	4.619177838254259	odas:1mel_aspscan
1mel	60	A	D	-1	3.7580594069205233	odas:1mel_aspscan
1mel	62	S	D	-1	1.175199385159516	odas:1mel_aspscan
1mel	63	V	D	-1	5.413418952654737	odas:1mel_aspscan
1mel	64	K	D	-2	2.522707155925559	odas:1mel_aspscan
1mel	67	F	D	-1	14.673658127938635	odas:1mel_aspscan
1mel	68	T	D	-1	2.8499775758784835	odas:1mel_aspscan
1mel	69	I	D	-1	36.79432747520349	odas:1mel_aspscan
1mel	70	S	D	-1	0.4101288375375418	odas:1mel_aspscan
1mel	71	Q	D	-1	5.595583009066729	odas:1mel_aspscan
1mel	73	N	D	-1	1.6698386894427983	odas:1mel_aspscan
1mel	74	A	D	-1	0.1824016152361878	odas:1mel_aspscan
1mel	75	K	D	-2	1.585983573919208	odas:1mel_aspscan
1mel	76	N	D	-1	3.9879203299797865	odas:1mel_aspscan
1mel	77	T	D	-1	5.637563868490943	odas:1mel_aspscan
1mel	78	V	D	-1	31.13501575467636	odas:1mel_aspscan
1mel	79	Y	D	-1	2.1213142354936	odas:1mel_aspscan
1mel	80	L	D	-1	26.63491610494637	odas:1mel_aspscan
1mel	100	T	D	-1	3.966419294485803	odas:1mel_aspscan
1mel	101	I	D	-1	2.9516412205337303	odas:1mel_aspscan
1mel	102	Y	D	-1	5.001214709711348	odas:1mel_aspscan
1mel	103	A	D	-1	0.6256763046852996	odas:1mel_aspscan
1mel	104	S	D	-1	0.6842524020252938	odas:1mel_aspscan
1mel	105	Y	D	-1	1.8705836267832008	odas:1mel_aspscan
1mel	106	Y	D	-1	5.857032103851324	odas:1mel_aspscan
1mel	107	E	D	0	-1.5995164713023229	odas:1mel_aspscan
1mel	108	C	D	-1	8.791236197278877	odas:1mel_aspscan
1mel	110	H	D	-1	-6.903482046191158	odas:1mel_aspscan
1mel	112	L	D	-1	9.421483820531591	odas:1mel_aspscan
1mel	114	T	D	-1	1.2991416944697392	odas:1mel_aspscan
1mel	117	Y	D	-1	1.5438475361368518	odas:1mel_aspscan
1mel	119	Y	D	-1	2.891808150271572	odas:1mel_aspscan
1mel	121	S	D	-1	0.9834958055933214	odas:1mel_aspscan
1mel	124	Q	D	-1	1.4925581509249355	odas:1mel_aspscan
1mel	126	T	D	-1	12.890855200672092	odas:1mel_aspscan
1mel	127	Q	D	-1	1.486385608336363	odas:1mel_aspscan
1mel	128	V	D	-1	11.281889830147849	odas:1mel_aspscan
1mel	129	T	D	-1	3.0327129388083875	odas:1mel_aspscan
1mel	130	V	D	-1	9.340798754481298	odas:1mel_aspscan
1mel	131	S	D	-1	-0.0335989454969478	odas:1mel_aspscan
1mel	132	S	D	-1	1.443388365498123	odas:1mel_aspscan
1mel	1	V	Q	0	-0.7606534251985764	odas:1mel_glnscan_all
1mel	3	L	Q	0	2.08620454526897	odas:1mel_glnscan_all
1mel	5	A	Q	0	-1.1580146996692235	odas:1mel_glnscan_all
1mel	6	S	Q	0	0.157317209659844	odas:1mel_glnscan_all
1mel	7	G	Q	0	2.1401565861677554	odas:1mel_glnscan_all
1mel	8	G	Q	0	4.43994693342448	odas:1mel_glnscan_all
1mel	9	G	Q	0	1.827872499671393	odas:1mel_glnscan_all
1mel	10	S	Q	0	0.6553086595507125	odas:1mel_glnscan_all
1mel	11	V	Q	0	0.6732514117394857	odas:1mel_glnscan_all
1mel	13	A	Q	0	1.0965781388449545	odas:1mel_glnscan_all
1mel	14	G	Q	0	1.7911521715801868	odas:1mel_glnscan_all
1mel	15	G	Q	0	-0.0307433740589999	odas:1mel_glnscan_all
1mel	16	S	Q	0	0.8190967443028683	odas:1mel_glnscan_all
1mel	17	L	Q	0	1.930038105730624	odas:1mel_glnscan_all
1mel	18	R	Q	-1	2.810086659864112	odas:1mel_glnscan_all
1mel	19	L	Q	0	5.312229859854895	odas:1mel_glnscan_all
1mel	20	S	Q	0	0.29124263260357	odas:1mel_glnscan_all
1mel	21	C	Q	0	8.453645030158981	odas:1mel_glnscan_all
1mel	22	A	Q	0	0.1457792404658562	odas:1mel_glnscan_all
1mel	23	A	Q	0	6.25994086098747	odas:1mel_glnscan_all
1mel	24	S	Q	0	-0.6372599144117785	odas:1mel_glnscan_all
1mel	25	G	Q	0	2.26201260665718	odas:1mel_glnscan_all
1mel	26	Y	Q	0	3.463605020044696	odas:1mel_glnscan_all
1mel	27	T	Q	0	0.1892108780671293	odas:1mel_glnscan_all
1mel	28	I	Q	0	0.7011899572437699	odas:1mel_glnscan_all
1mel	29	G	Q	0	1.3709419664398297	odas:1mel_glnscan_all
1mel	31	Y	Q	0	2.349354003350186	odas:1mel_glnscan_all
1mel	32	C	Q	0	3.258754548316645	odas:1mel_glnscan_all
1mel	33	M	Q	0	7.0411817273208825	odas:1mel_glnscan_all
1mel	34	G	Q	0	2.8204849472824307	odas:1mel_glnscan_all
1mel	36	F	Q	0	5.282919880311923	odas:1mel_glnscan_all
1mel	37	R	Q	-1	7.560486697895811	odas:1mel_glnscan_all
1mel	39	A	Q	0	-0.0183089356144137	odas:1mel_glnscan_all
1mel	41	G	Q	0	1.7266674382314378	odas:1mel_glnscan_all
1mel	42	K	Q	-1	1.3563804503599748	odas:1mel_glnscan_all
1mel	43	E	Q	1	-0.450744972221635	odas:1mel_glnscan_all
1mel	44	R	Q	-1	2.448329747405296	odas:1mel_glnscan_all
1mel	45	E	Q	1	1.9682858353063888	odas:1mel_glnscan_all
1mel	46	G	Q	0	3.3991965562252773	odas:1mel_glnscan_all
1mel	47	V	Q	0	2.653482959764702	odas:1mel_glnscan_all
1mel	48	A	Q	0	7.417805006634744	odas:1mel_glnscan_all
1mel	49	A	Q	0	4.670250276359006	odas:1mel_glnscan_all
1mel	50	I	Q	0	3.1946918051037727	odas:1mel_glnscan_all
1mel	51	N	Q	0	0.7958305789411462	odas:1mel_glnscan_all
1mel	52	M	Q	0	7.088053577905242	odas:1mel_glnscan_all
1mel	53	G	Q	0	2.7268050007809634	odas:1mel_glnscan_all
1mel	54	G	Q	0	-1.1034080272792297	odas:1mel_glnscan_all
1mel	55	G	Q	0	2.0416115469026934	odas:1mel_glnscan_all
1mel	56	I	Q	0	0.3398221028012926	odas:1mel_glnscan_all
1mel	57	T	Q	0	0.0442137922050136	odas:1mel_glnscan_all
1mel	58	Y	Q	0	3.098317558082087	odas:1mel_glnscan_all
1mel	59	Y	Q	0	3.98957795489482	odas:1mel_glnscan_all
1mel	60	A	Q	0	1.4851848820824074	odas:1mel_glnscan_all
1mel	61	D	Q	1	-0.1478637578106969	odas:1mel_glnscan_all
1mel	62	S	Q	0	-0.2927075741881992	odas:1mel_glnscan_all
1mel	63	V	Q	0	-1.1298697844544776	odas:1mel_glnscan_all
1mel	64	K	Q	-1	1.9896716490839523	odas:1mel_glnscan_all
1mel	65	G	Q	0	1.8704716357398965	odas:1mel_glnscan_all
1mel	66	R	Q	-1	6.352004887773688	odas:1mel_glnscan_all
1mel	67	F	Q	0	3.610458660829124	odas:1mel_glnscan_all
1mel	68	T	Q	0	0.7027154451525703	odas:1mel_glnscan_all
1mel	69	I	Q	0	6.2658408021725975	odas:1mel_glnscan_all
1mel	70	S	Q	0	0.0852372116344213	odas:1mel_glnscan_all
1mel	72	D	Q	1	0.7515859909966878	odas:1mel_glnscan_all
1mel	73	N	Q	0	0.7472325945557365	odas:1mel_glnscan_all
1mel	74	A	Q	0	0.0980331104375551	odas:1mel_glnscan_all
1mel	75	K	Q	-1	1.981351948149332	odas:1mel_glnscan_all
1mel	76	N	Q	0	0.1088392718638751	odas:1mel_glnscan_all
1mel	77	T	Q	0	0.8668961197055083	odas:1mel_glnscan_all
1mel	78	V	Q	0	7.142498435176947	odas:1mel_glnscan_all
1mel	79	Y	Q	0	2.854886905588735	odas:1mel_glnscan_all
1mel	80	L	Q	0	8.072047136176131	odas:1mel_glnscan_all
1mel	81	L	Q	0	1.8952658443385744	odas:1mel_glnscan_all
1mel	82	M	Q	0	6.10309459973432	odas:1mel_glnscan_all
1mel	83	N	Q	0	1.0079909557074629	odas:1mel_glnscan_all
1mel	84	S	Q	0	-0.3679717206775947	odas:1mel_glnscan_all
1mel	85	L	Q	0	5.139186490306891	odas:1mel_glnscan_all
1mel	86	E	Q	1	-1.9396332054851868	odas:1mel_glnscan_all
1mel	88	E	Q	1	-0.5257027837642667	odas:1mel_glnscan_all
1mel	89	D	Q	1	3.340160428808048	odas:1mel_glnscan_all
1mel	90	T	Q	0	1.6745381034805291	odas:1mel_glnscan_all
1mel	91	A	Q	0	2.287106382868316	odas:1mel_glnscan_all
1mel	92	I	Q	0	2.7894711224470115	odas:1mel_glnscan_all
1mel	93	Y	Q	0	8.44560592387353	odas:1mel_glnscan_all
1mel	94	Y	Q	0	2.51869093775057	odas:1mel_glnscan_all
1mel	95	C	Q	0	9.328445861422743	odas:1mel_glnscan_all
1mel	96	A	Q	0	7.87286011241396	odas:1mel_glnscan_all
1mel	97	A	Q	0	3.1731426104944376	odas:1mel_glnscan_all
1mel	98	D	Q	1	-4.690058194926991	odas:1mel_glnscan_all
1mel	99	S	Q	0	1.2041054130059408	odas:1mel_glnscan_all
1mel	100	T	Q	0	1.6878460795133208	odas:1mel_glnscan_all
1mel	101	I	Q	0	0.9271852146865952	odas:1mel_glnscan_all
1mel	102	Y	Q	0	-0.0418724732154132	odas:1mel_glnscan_all
1mel	103	A	Q	0	-0.6308044299737716	odas:1mel_glnscan_all
1mel	104	S	Q	0	0.0591859310050324	odas:1mel_glnscan_all
1mel	105	Y	Q	0	1.205192626428122	odas:1mel_glnscan_all
1mel	106	Y	Q	0	0.8850468012614385	odas:1mel_glnscan_all
1mel	107	E	Q	1	0.3661932364002354	odas:1mel_glnscan_all
1mel	108	C	Q	0	1.1298671893838446	odas:1mel_glnscan_all
1mel	109	G	Q	0	-0.5658735166567226	odas:1mel_glnscan_all
1mel	110	H	Q	0	-7.868515684039288	odas:1mel_glnscan_all
1mel	111	G	Q	0	-0.9289636184555404	odas:1mel_glnscan_all
1mel	112	L	Q	0	4.606542681929845	odas:1mel_glnscan_all
1mel	113	S	Q	0	-0.6203245098307164	odas:1mel_glnscan_all
1mel	114	T	Q	0	-0.4528176158912771	odas:1mel_glnscan_all
1mel	115	G	Q	0	3.133149168900985	odas:1mel_glnscan_all
1mel	116	G	Q	0	3.287114012228521	odas:1mel_glnscan_all
1mel	117	Y	Q	0	0.0247657419451243	odas:1mel_glnscan_all
1mel	118	G	Q	0	2.4559946202822687	odas:1mel_glnscan_all
1mel	119	Y	Q	0	1.2241531451393612	odas:1mel_glnscan_all
1mel	120	D	Q	1	-0.2106466930964359	odas:1mel_glnscan_all
1mel	121	S	Q	0	-0.4892252818366813	odas:1mel_glnscan_all
1mel	123	G	Q	0	3.1262941417449923	odas:1mel_glnscan_all
1mel	125	G	Q	0	2.257237693235844	odas:1mel_glnscan_all
1mel	126	T	Q	0	0.3911425043173437	odas:1mel_glnscan_all
1mel	128	V	Q	0	5.631624713540731	odas:1mel_glnscan_all
1mel	129	T	Q	0	1.3104454503287997	odas:1mel_glnscan_all
1mel	130	V	Q	0	7.6159382391446115	odas:1mel_glnscan_all
1mel	131	S	Q	0	-1.1957093592420165	odas:1mel_glnscan_all
1mel	132	S	Q	0	0.2489349678734598	odas:1mel_glnscan_all
1mel	1	V	I	0	-0.0419872323036036	kazu:1mel_ile
1mel	2	Q	I	0	-0.1571044966369896	kazu:1mel_ile
1mel	3	L	I	0	2.1411848075512268	kazu:1mel_ile
1mel	4	Q	I	0	-1.690669875665634	kazu:1mel_ile
1mel	5	A	I	0	-1.951687795555317	kazu:1mel_ile
1mel	6	S	I	0	0.2587711436763902	kazu:1mel_ile
1mel	8	G	I	0	9.116911860695502	kazu:1mel_ile
1mel	9	G	I	0	1.1669876970878637	kazu:1mel_ile
1mel	10	S	I	0	-0.8667868329537485	kazu:1mel_ile
1mel	11	V	I	0	0.1036061101281271	kazu:1mel_ile
1mel	12	Q	I	0	-0.1563374925672889	kazu:1mel_ile
1mel	13	A	I	0	-0.7434427754378561	kazu:1mel_ile
1mel	14	G	I	0	3.740229275414517	kazu:1mel_ile
1mel	15	G	I	0	2.806755433811972	kazu:1mel_ile
1mel	16	S	I	0	0.4558493294767243	kazu:1mel_ile
1mel	17	L	I	0	-0.0191662827342078	kazu:1mel_ile
1mel	18	R	I	-1	0.0004363941887959	kazu:1mel_ile
1mel	19	L	I	0	1.7506903225206472	kazu:1mel_ile
1mel	20	S	I	0	-1.4118202981139991	kazu:1mel_ile
1mel	21	C	I	0	5.420097953562367	kazu:1mel_ile
1mel	22	A	I	0	-0.7629959915215832	kazu:1mel_ile
1mel	23	A	I	0	1.4380348603026292	kazu:1mel_ile
1mel	24	S	I	0	-2.1052888565035826	kazu:1mel_ile
1mel	25	G	I	0	4.4900922682462365	kazu:1mel_ile
1mel	26	Y	I	0	1.8494591678606067	kazu:1mel_ile
1mel	27	T	I	0	-0.3499536754960353	kazu:1mel_ile
1mel	29	G	I	0	0.637050015477481	kazu:1mel_ile
1mel	31	Y	I	0	0.879680381502256	kazu:1mel_ile
1mel	32	C	I	0	1.0227607044031934	kazu:1mel_ile
1mel	33	M	I	0	3.361057044745824	kazu:1mel_ile
1mel	34	G	I	0	0.6086826876293561	kazu:1mel_ile
1mel	36	F	I	0	-0.2774552393633192	kazu:1mel_ile
1mel	37	R	I	-1	5.476724204823881	kazu:1mel_ile
1mel	38	Q	I	0	-2.284004771927229	kazu:1mel_ile
1mel	39	A	I	0	0.009003317583752	kazu:1mel_ile
1mel	41	G	I	0	4.01019708710205	kazu:1mel_ile
1mel	42	K	I	-1	3.110590859948374	kazu:1mel_ile
1mel	43	E	I	1	-0.0361131484841763	kazu:1mel_ile
1mel	44	R	I	-1	-0.6132751655466109	kazu:1mel_ile
1mel	45	E	I	1	0.7732504100083304	kazu:1mel_ile
1mel	46	G	I	0	2.024969480347611	kazu:1mel_ile
1mel	47	V	I	0	2.0120722531961874	kazu:1mel_ile
1mel	48	A	I	0	2.1457525881931616	kazu:1mel_ile
1mel	49	A	I	0	1.8626188634387013	kazu:1mel_ile
1mel	51	N	I	0	-2.409471796282588	kazu:1mel_ile
1mel	52	M	I	0	2.0747702228844886	kazu:1mel_ile
1mel	53	G	I	0	4.882922844687009	kazu:1mel_ile
1mel	54	G	I	0	-2.641148402610515	kazu:1mel_ile
1mel	55	G	I	0	2.7817477088403386	kazu:1mel_ile
1mel	57	T	I	0	1.671745924432539	kazu:1mel_ile
1mel	58	Y	I	0	1.8055162610225024	kazu:1mel_ile
1mel	59	Y	I	0	1.060773395962359	kazu:1mel_ile
1mel	60	A	I	0	1.4020030928920535	kazu:1mel_ile
1mel	61	D	I	1	0.0204423708177898	kazu:1mel_ile
1mel	62	S	I	0	0.4627678917749258	kazu:1mel_ile
1mel	63	V	I	0	-0.6620667875078459	kazu:1mel_ile
1mel	64	K	I	-1	-0.1540859551009674	kazu:1mel_ile
1mel	65	G	I	0	3.781866549935845	kazu:1mel_ile
1mel	66	R	I	-1	4.905961991265428	kazu:1mel_ile
1mel	67	F	I	0	-4.758782456419747	kazu:1mel_ile
1mel	68	T	I	0	-0.4057989469661542	kazu:1mel_ile
1mel	70	S	I	0	0.4574897683004937	kazu:1mel_ile
1mel	71	Q	I	0	2.8071036946520564	kazu:1mel_ile
1mel	72	D	I	1	-0.3813661690687979	kazu:1mel_ile
1mel	73	N	I	0	0.0890430106116895	kazu:1mel_ile
1mel	74	A	I	0	-0.3227920305041376	kazu:1mel_ile
1mel	75	K	I	-1	1.3725744862561768	kazu:1mel_ile
1mel	76	N	I	0	-0.1779722430252945	kazu:1mel_ile
1mel	77	T	I	0	-0.6476794015738889	kazu:1mel_ile
1mel	78	V	I	0	2.2200829971347167	kazu:1mel_ile
1mel	79	Y	I	0	0.4474848183256465	kazu:1mel_ile
1mel	80	L	I	0	2.5021142471628046	kazu:1mel_ile
1mel	81	L	I	0	-0.6128540278511068	kazu:1mel_ile
1mel	82	M	I	0	0.9334227339751138	kazu:1mel_ile
1mel	83	N	I	0	0.2520211413064146	kazu:1mel_ile
1mel	84	S	I	0	0.8890117019683008	kazu:1mel_ile
1mel	85	L	I	0	0.9209628109327744	kazu:1mel_ile
1mel	86	E	I	1	-0.2792786508379379	kazu:1mel_ile
1mel	88	E	I	1	0.1956913085158902	kazu:1mel_ile
1mel	89	D	I	1	1.6860541979244204	kazu:1mel_ile
1mel	90	T	I	0	1.7143848178809336	kazu:1mel_ile
1mel	91	A	I	0	6.701252051728615	kazu:1mel_ile
1mel	93	Y	I	0	5.0095131392812124	kazu:1mel_ile
1mel	94	Y	I	0	0.0407841580764127	kazu:1mel_ile
1mel	95	C	I	0	4.070362889152605	kazu:1mel_ile
1mel	96	A	I	0	3.188886130473655	kazu:1mel_ile
1mel	97	A	I	0	1.124592092326413	kazu:1mel_ile
1mel	98	D	I	1	-9.57135819744471	kazu:1mel_ile
1mel	99	S	I	0	-0.8957944873934465	kazu:1mel_ile
1mel	100	T	I	0	3.3827839607022483	kazu:1mel_ile
1mel	102	Y	I	0	2.0620854562563675	kazu:1mel_ile
1mel	103	A	I	0	-0.3747857318189407	kazu:1mel_ile
1mel	104	S	I	0	-0.7228802269791275	kazu:1mel_ile
1mel	105	Y	I	0	0.9140181453226308	kazu:1mel_ile
1mel	106	Y	I	0	3.74318349559295	kazu:1mel_ile
1mel	107	E	I	1	-2.182718151719456	kazu:1mel_ile
1mel	108	C	I	0	-0.0620898758083265	kazu:1mel_ile
1mel	109	G	I	0	-0.8607784506260163	kazu:1mel_ile
1mel	110	H	I	0	-7.262351351141575	kazu:1mel_ile
1mel	111	G	I	0	0.8881227239151848	kazu:1mel_ile
1mel	112	L	I	0	2.3873284127458945	kazu:1mel_ile
1mel	113	S	I	0	-0.837512979891732	kazu:1mel_ile
1mel	114	T	I	0	0.7434749449828857	kazu:1mel_ile
1mel	115	G	I	0	0.8264861243441466	kazu:1mel_ile
1mel	116	G	I	0	5.735344577310119	kazu:1mel_ile
1mel	117	Y	I	0	-0.2432707766210207	kazu:1mel_ile
1mel	118	G	I	0	4.748019955241787	kazu:1mel_ile
1mel	119	Y	I	0	4.037195772663717	kazu:1mel_ile
1mel	120	D	I	1	-1.1037724966883786	kazu:1mel_ile
1mel	121	S	I	0	-1.4362829913726	kazu:1mel_ile
1mel	123	G	I	0	3.292412044115725	kazu:1mel_ile
1mel	124	Q	I	0	0.3210440793810392	kazu:1mel_ile
1mel	125	G	I	0	1.1493378160899077	kazu:1mel_ile
1mel	126	T	I	0	-2.324657510446293	kazu:1mel_ile
1mel	127	Q	I	0	-1.2365691921015838	kazu:1mel_ile
1mel	129	T	I	0	-0.454820946542732	kazu:1mel_ile
1mel	130	V	I	0	0.6650612562877551	kazu:1mel_ile
1mel	131	S	I	0	-2.031709899026802	kazu:1mel_ile
1mel	132	S	I	0	-0.3701497732904424	kazu:1mel_ile
4idl	2	V	A	0	2.5323108437954573	yasu:4idl
4idl	3	Q	A	0	0.8118466446684138	yasu:4idl
4idl	4	L	A	0	5.907975781277862	yasu:4idl
4idl	5	Q	A	0	0.6638862194457431	yasu:4idl
4idl	6	Q	A	0	2.71490158689992	yasu:4idl
4idl	7	S	A	0	0.5105340973640273	yasu:4idl
4idl	8	G	A	0	5.411985836006853	yasu:4idl
4idl	9	G	A	0	-0.1420912021916685	yasu:4idl
4idl	10	G	A	0	0.8605249932719214	yasu:4idl
4idl	12	V	A	0	0.6069481867947624	yasu:4idl
4idl	13	Q	A	0	0.7192936728487211	yasu:4idl
4idl	14	T	A	0	0.4040221164426114	yasu:4idl
4idl	15	G	A	0	2.814825301897999	yasu:4idl
4idl	16	G	A	0	-0.1141133072349358	yasu:4idl
4idl	17	S	A	0	1.190305865352817	yasu:4idl
4idl	18	L	A	0	1.1198983909238045	yasu:4idl
4idl	19	K	A	-1	0.657010669412621	yasu:4idl
4idl	20	L	A	0	4.832452594030222	yasu:4idl
4idl	21	T	A	0	1.864196200782498	yasu:4idl
4idl	22	C	A	0	0.2280222999912318	yasu:4idl
4idl	23	L	A	0	0.9604082363540504	yasu:4idl
4idl	25	S	A	0	0.1990980204055756	yasu:4idl
4idl	26	G	A	0	2.4001303178097046	yasu:4idl
4idl	27	N	A	0	0.6465805383686529	yasu:4idl
4idl	28	T	A	0	0.5283173156430863	yasu:4idl
4idl	30	S	A	0	1.0525012726075382	yasu:4idl
4idl	31	I	A	0	4.653972676795963	yasu:4idl
4idl	32	R	A	-1	5.435065363029878	yasu:4idl
4idl	34	M	A	0	5.170390639390412	yasu:4idl
4idl	35	G	A	0	-1.7377246821991408	yasu:4idl
4idl	36	W	A	0	10.226128265522949	yasu:4idl
4idl	37	Y	A	0	0.2395353875242669	yasu:4idl
4idl	38	R	A	-1	3.845502552278504	yasu:4idl
4idl	39	R	A	-1	0.1597821720902175	yasu:4idl
4idl	42	G	A	0	2.247449485162985	yasu:4idl
4idl	43	K	A	-1	1.7108238332938797	yasu:4idl
4idl	44	Q	A	0	0.0141569400858116	yasu:4idl
4idl	45	R	A	-1	1.6781750089299408	yasu:4idl
4idl	46	E	A	1	3.506385375435229	yasu:4idl
4idl	47	W	A	0	4.645935130301421	yasu:4idl
4idl	48	V	A	0	5.1028515310745926	yasu:4idl
4idl	50	S	A	0	0.4034241436985462	yasu:4idl
4idl	51	L	A	0	2.7320483433543448	yasu:4idl
4idl	52	T	A	0	0.562275497035813	yasu:4idl
4idl	53	T	A	0	-0.1260696340379077	yasu:4idl
4idl	54	T	A	0	0.5337962199026691	yasu:4idl
4idl	55	G	A	0	3.838568122257076	yasu:4idl
4idl	56	T	A	0	0.5157896126996704	yasu:4idl
4idl	58	D	A	1	-1.0645924279094174	yasu:4idl
4idl	60	G	A	0	-1.835214873730962	yasu:4idl
4idl	61	D	A	1	-0.3301738306483059	yasu:4idl
4idl	62	F	A	0	0.5296495727929447	yasu:4idl
4idl	63	V	A	0	-1.8091420702694057	yasu:4idl
4idl	64	K	A	-1	1.7241345162615715	yasu:4idl
4idl	65	G	A	0	2.0569446727040432	yasu:4idl
4idl	66	R	A	-1	4.354075341194687	yasu:4idl
4idl	67	F	A	0	1.2601541892014234	yasu:4idl
4idl	68	T	A	0	1.4243101805025873	yasu:4idl
4idl	69	I	A	0	2.592770192834462	yasu:4idl
4idl	70	S	A	0	0.2633730526584741	yasu:4idl
4idl	71	R	A	-1	-0.8890612504463888	yasu:4idl
4idl	72	D	A	1	-1.4450238242485796	yasu:4idl
4idl	73	N	A	0	-0.264249573658418	yasu:4idl
4idl	75	N	A	0	-0.0633022368036222	yasu:4idl
4idl	76	N	A	0	0.5842426722696104	yasu:4idl
4idl	79	T	A	0	1.2883692072612654	yasu:4idl
4idl	80	L	A	0	8.204129033050979	yasu:4idl
4idl	81	Q	A	0	-0.224274674721812	yasu:4idl
4idl	82	M	A	0	4.402062164145892	yasu:4idl
4idl	83	D	A	1	-0.7524917913312095	yasu:4idl
4idl	84	S	A	0	0.23483622665684	yasu:4idl
4idl	85	L	A	0	4.334776662070468	yasu:4idl
4idl	86	K	A	-1	0.7044969784660182	yasu:4idl
4idl	88	E	A	1	0.1484411206143221	yasu:4idl
4idl	89	D	A	1	4.210805341552288	yasu:4idl
4idl	90	T	A	0	1.2348397180229682	yasu:4idl
4idl	92	V	A	0	0.7470179861233827	yasu:4idl
4idl	93	Y	A	0	10.180433618710923	yasu:4idl
4idl	94	Y	A	0	4.518220164014259	yasu:4idl
4idl	95	C	A	0	-0.2067414884558653	yasu:4idl
4idl	96	N	A	0	0.340124108910885	yasu:4idl
4idl	98	D	A	1	-2.074756962429632	yasu:4idl
4idl	99	G	A	0	1.632087226775024	yasu:4idl
4idl	100	R	A	-1	2.2535531706863026	yasu:4idl
4idl	101	R	A	-1	1.811267160797172	yasu:4idl
4idl	102	F	A	0	3.0248833248257103	yasu:4idl
4idl	103	D	A	1	0.5334122470513307	yasu:4idl
4idl	104	G	A	0	5.065914053945516	yasu:4idl
4idl	106	R	A	-1	2.849199721909713	yasu:4idl
4idl	107	W	A	0	2.048635875964134	yasu:4idl
4idl	108	R	A	-1	3.0703246786212617	yasu:4idl
4idl	109	E	A	1	-0.6374658256801382	yasu:4idl
4idl	110	Y	A	0	3.503638365436773	yasu:4idl
4idl	111	E	A	1	-0.1623924682258035	yasu:4idl
4idl	112	S	A	0	-0.521015784838148	yasu:4idl
4idl	113	W	A	0	0.6582302354011418	yasu:4idl
4idl	114	G	A	0	1.0778327003498005	yasu:4idl
4idl	115	Q	A	0	-0.0159162212265897	yasu:4idl
4idl	116	G	A	0	3.922767624603278	yasu:4idl
4idl	117	T	A	0	1.7487680309554392	yasu:4idl
4idl	118	Q	A	0	-0.6608669950079573	yasu:4idl
4idl	119	V	A	0	3.632672191154718	yasu:4idl
4idl	120	T	A	0	1.6447387876916508	yasu:4idl
4idl	121	I	A	0	4.7417219959613615	yasu:4idl
4idl	122	S	A	0	-0.0843164096481063	yasu:4idl
4idl	1	K	D	-2	-2.639227886	odas:4idl_aspscan
4idl	2	V	D	-1	3.090029846	odas:4idl_aspscan
4idl	3	Q	D	-1	0.14277876	odas:4idl_aspscan
4idl	4	L	D	-1	12.42386509	odas:4idl_aspscan
4idl	5	Q	D	-1	1.197552623	odas:4idl_aspscan
4idl	6	Q	D	-1	4.937766607	odas:4idl_aspscan
4idl	7	S	D	-1	1.017322906	odas:4idl_aspscan
4idl	11	A	D	-1	1.399694461	odas:4idl_aspscan
4idl	12	V	D	-1	5.567857013	odas:4idl_aspscan
4idl	13	Q	D	-1	0.343055936	odas:4idl_aspscan
4idl	14	T	D	-1	2.249833431	odas:4idl_aspscan
4idl	17	S	D	-1	2.297306328	odas:4idl_aspscan
4idl	18	L	D	-1	6.58756792	odas:4idl_aspscan
4idl	19	K	D	-2	4.134681762	odas:4idl_aspscan
4idl	20	L	D	-1	15.48282633	odas:4idl_aspscan
4idl	21	T	D	-1	1.927326953	odas:4idl_aspscan
4idl	22	C	D	-1	18.10023744	odas:4idl_aspscan
4idl	23	L	D	-1	3.32778346	odas:4idl_aspscan
4idl	24	A	D	-1	8.247753696	odas:4idl_aspscan
4idl	25	S	D	-1	0.045056603	odas:4idl_aspscan
4idl	27	N	D	-1	-0.329255737	odas:4idl_aspscan
4idl	28	T	D	-1	1.390982083	odas:4idl_aspscan
4idl	29	A	D	-1	-0.504528158	odas:4idl_aspscan
4idl	30	S	D	-1	0.466222893	odas:4idl_aspscan
4idl	31	I	D	-1	3.564125615	odas:4idl_aspscan
4idl	33	A	D	-1	2.857104493	odas:4idl_aspscan
4idl	34	M	D	-1	7.227571778	odas:4idl_aspscan
4idl	37	Y	D	-1	7.911946065	odas:4idl_aspscan
4idl	40	A	D	-1	2.513042908	odas:4idl_aspscan
4idl	43	K	D	-2	2.941358333	odas:4idl_aspscan
4idl	44	Q	D	-1	0.382201234	odas:4idl_aspscan
4idl	46	E	D	0	1.946916097	odas:4idl_aspscan
4idl	48	V	D	-1	29.32807603	odas:4idl_aspscan
4idl	49	A	D	-1	20.45158131	odas:4idl_aspscan
4idl	50	S	D	-1	5.338534989	odas:4idl_aspscan
4idl	51	L	D	-1	4.46059564	odas:4idl_aspscan
4idl	52	T	D	-1	1.518301698	odas:4idl_aspscan
4idl	53	T	D	-1	1.109659807	odas:4idl_aspscan
4idl	54	T	D	-1	1.166441531	odas:4idl_aspscan
4idl	56	T	D	-1	1.02229884	odas:4idl_aspscan
4idl	57	A	D	-1	3.107183501	odas:4idl_aspscan
4idl	62	F	D	-1	1.958293756	odas:4idl_aspscan
4idl	63	V	D	-1	2.520485228	odas:4idl_aspscan
4idl	64	K	D	-2	1.833260423	odas:4idl_aspscan
4idl	67	F	D	-1	6.341639619	odas:4idl_aspscan
4idl	68	T	D	-1	2.584171024	odas:4idl_aspscan
4idl	69	I	D	-1	13.03718465	odas:4idl_aspscan
4idl	70	S	D	-1	0.758303375	odas:4idl_aspscan
4idl	73	N	D	-1	-0.333928163	odas:4idl_aspscan
4idl	74	A	D	-1	0.264444909	odas:4idl_aspscan
4idl	75	N	D	-1	1.146149934	odas:4idl_aspscan
4idl	76	N	D	-1	1.449974342	odas:4idl_aspscan
4idl	77	A	D	-1	3.000389545	odas:4idl_aspscan
4idl	78	A	D	-1	6.849428499	odas:4idl_aspscan
4idl	79	T	D	-1	3.718888355	odas:4idl_aspscan
4idl	80	L	D	-1	35.15404806	odas:4idl_aspscan
4idl	81	Q	D	-1	1.133883866	odas:4idl_aspscan
4idl	82	M	D	-1	17.32439131	odas:4idl_aspscan
4idl	84	S	D	-1	0.756226452	odas:4idl_aspscan
4idl	85	L	D	-1	16.06121764	odas:4idl_aspscan
4idl	86	K	D	-2	2.575366428	odas:4idl_aspscan
4idl	88	E	D	0	0.393158728	odas:4idl_aspscan
4idl	90	T	D	-1	2.794626234	odas:4idl_aspscan
4idl	91	A	D	-1	7.069602362	odas:4idl_aspscan
4idl	92	V	D	-1	5.556076074	odas:4idl_aspscan
4idl	93	Y	D	-1	33.05577493	odas:4idl_aspscan
4idl	94	Y	D	-1	7.150757133	odas:4idl_aspscan
4idl	95	C	D	-1	18.70031162	odas:4idl_aspscan
4idl	96	N	D	-1	6.946310555	odas:4idl_aspscan
4idl	97	A	D	-1	15.23505566	odas:4idl_aspscan
4idl	102	F	D	-1	6.907779964	odas:4idl_aspscan
4idl	105	A	D	-1	0.707766717	odas:4idl_aspscan
4idl	109	E	D	0	-1.543181063	odas:4idl_aspscan
4idl	110	Y	D	-1	1.007514491	odas:4idl_aspscan
4idl	111	E	D	0	1.917970123	odas:4idl_aspscan
4idl	112	S	D	-1	3.432258239	odas:4idl_aspscan
4idl	115	Q	D	-1	0.856128257	odas:4idl_aspscan
4idl	117	T	D	-1	4.160103308	odas:4idl_aspscan
4idl	118	Q	D	-1	1.130333048	odas:4idl_aspscan
4idl	119	V	D	-1	13.54767917	odas:4idl_aspscan
4idl	120	T	D	-1	2.372366275	odas:4idl_aspscan
4idl	121	I	D	-1	7.816063658	odas:4idl_aspscan
4idl	122	S	D	-1	0.632483676	odas:4idl_aspscan
4idl	123	S	D	-1	0.614463029	odas:4idl_aspscan
4idl	2	V	Q	0	1.037473312598479	odas:4idl_glnscan_all
4idl	4	L	Q	0	4.569159121708886	odas:4idl_glnscan_all
4idl	7	S	Q	0	-0.0428420633197887	odas:4idl_glnscan_all
4idl	8	G	Q	0	5.652511034261451	odas:4idl_glnscan_all
4idl	9	G	Q	0	1.1149848672309517	odas:4idl_glnscan_all
4idl	10	G	Q	0	2.2878799272664807	odas:4idl_glnscan_all
4idl	11	A	Q	0	-0.2711092781242286	odas:4idl_glnscan_all
4idl	12	V	Q	0	0.739199151650574	odas:4idl_glnscan_all
4idl	14	T	Q	0	1.6106515120079052	odas:4idl_glnscan_all
4idl	15	G	Q	0	1.2952610678584549	odas:4idl_glnscan_all
4idl	16	G	Q	0	0.545695183614562	odas:4idl_glnscan_all
4idl	17	S	Q	0	1.2493958273007024	odas:4idl_glnscan_all
4idl	18	L	Q	0	3.2792889594375367	odas:4idl_glnscan_all
4idl	19	K	Q	-1	2.185504781616169	odas:4idl_glnscan_all
4idl	20	L	Q	0	5.32109540051858	odas:4idl_glnscan_all
4idl	21	T	Q	0	0.6720892296811627	odas:4idl_glnscan_all
4idl	22	C	Q	0	8.146206223111463	odas:4idl_glnscan_all
4idl	23	L	Q	0	0.8621960228886252	odas:4idl_glnscan_all
4idl	24	A	Q	0	2.0310273115970787	odas:4idl_glnscan_all
4idl	25	S	Q	0	-0.9292159921907412	odas:4idl_glnscan_all
4idl	26	G	Q	0	2.686002356739792	odas:4idl_glnscan_all
4idl	27	N	Q	0	0.898384701261719	odas:4idl_glnscan_all
4idl	28	T	Q	0	-1.7009038464044366	odas:4idl_glnscan_all
4idl	29	A	Q	0	0.0624094003541912	odas:4idl_glnscan_all
4idl	30	S	Q	0	-0.202102122413855	odas:4idl_glnscan_all
4idl	31	I	Q	0	4.821974176410151	odas:4idl_glnscan_all
4idl	32	R	Q	-1	1.535255892616732	odas:4idl_glnscan_all
4idl	33	A	Q	0	1.0812314434565593	odas:4idl_glnscan_all
4idl	34	M	Q	0	1.4371135242855857	odas:4idl_glnscan_all
4idl	35	G	Q	0	-1.2364895596703604	odas:4idl_glnscan_all
4idl	37	Y	Q	0	2.978342454961677	odas:4idl_glnscan_all
4idl	38	R	Q	-1	6.476856756201528	odas:4idl_glnscan_all
4idl	39	R	Q	-1	0.6899589377029827	odas:4idl_glnscan_all
4idl	40	A	Q	0	0.2949380757377611	odas:4idl_glnscan_all
4idl	42	G	Q	0	1.2373288584257978	odas:4idl_glnscan_all
4idl	43	K	Q	-1	1.3200160214109609	odas:4idl_glnscan_all
4idl	45	R	Q	-1	-22.55261993911072	odas:4idl_glnscan_all
4idl	46	E	Q	1	1.7116698345561543	odas:4idl_glnscan_all
4idl	48	V	Q	0	4.3270738172664025	odas:4idl_glnscan_all
4idl	49	A	Q	0	7.2673144501296605	odas:4idl_glnscan_all
4idl	50	S	Q	0	2.123759855057294	odas:4idl_glnscan_all
4idl	51	L	Q	0	2.198081344900168	odas:4idl_glnscan_all
4idl	52	T	Q	0	-0.1145008438092674	odas:4idl_glnscan_all
4idl	53	T	Q	0	0.1680129827435763	odas:4idl_glnscan_all
4idl	54	T	Q	0	0.0089012455106427	odas:4idl_glnscan_all
4idl	55	G	Q	0	2.396098447982148	odas:4idl_glnscan_all
4idl	56	T	Q	0	-0.426682870787431	odas:4idl_glnscan_all
4idl	57	A	Q	0	1.99845889965026	odas:4idl_glnscan_all
4idl	58	D	Q	1	-1.5926919302860227	odas:4idl_glnscan_all
4idl	60	G	Q	0	1.420592616442839	odas:4idl_glnscan_all
4idl	61	D	Q	1	-0.5118622260796712	odas:4idl_glnscan_all
4idl	62	F	Q	0	-0.5756611632111515	odas:4idl_glnscan_all
4idl	63	V	Q	0	0.7241476812916119	odas:4idl_glnscan_all
4idl	64	K	Q	-1	1.9871357324690528	odas:4idl_glnscan_all
4idl	65	G	Q	0	1.1918847903811385	odas:4idl_glnscan_all
4idl	66	R	Q	-1	4.021856247585106	odas:4idl_glnscan_all
4idl	67	F	Q	0	0.06445291335109	odas:4idl_glnscan_all
4idl	68	T	Q	0	1.0084214134466336	odas:4idl_glnscan_all
4idl	69	I	Q	0	3.758046863509712	odas:4idl_glnscan_all
4idl	70	S	Q	0	0.6854509810287297	odas:4idl_glnscan_all
4idl	71	R	Q	-1	3.1452728347778702	odas:4idl_glnscan_all
4idl	72	D	Q	1	0.4100811521030891	odas:4idl_glnscan_all
4idl	73	N	Q	0	0.1916691053162296	odas:4idl_glnscan_all
4idl	74	A	Q	0	-0.4890230448695263	odas:4idl_glnscan_all
4idl	75	N	Q	0	0.1540220282371329	odas:4idl_glnscan_all
4idl	76	N	Q	0	0.1714730559887449	odas:4idl_glnscan_all
4idl	77	A	Q	0	0.896690061836857	odas:4idl_glnscan_all
4idl	78	A	Q	0	2.446111282255721	odas:4idl_glnscan_all
4idl	79	T	Q	0	0.4629305090083164	odas:4idl_glnscan_all
4idl	80	L	Q	0	8.002049996116362	odas:4idl_glnscan_all
4idl	82	M	Q	0	6.121718709404938	odas:4idl_glnscan_all
4idl	83	D	Q	1	-1.361998666830516	odas:4idl_glnscan_all
4idl	84	S	Q	0	-0.4468360496704093	odas:4idl_glnscan_all
4idl	85	L	Q	0	3.9452390418513934	odas:4idl_glnscan_all
4idl	86	K	Q	-1	-0.3550208549430707	odas:4idl_glnscan_all
4idl	88	E	Q	1	-0.0072908565926255	odas:4idl_glnscan_all
4idl	89	D	Q	1	4.866234424087068	odas:4idl_glnscan_all
4idl	90	T	Q	0	2.3658754749984325	odas:4idl_glnscan_all
4idl	91	A	Q	0	3.9448501291137177	odas:4idl_glnscan_all
4idl	92	V	Q	0	2.281261462704009	odas:4idl_glnscan_all
4idl	93	Y	Q	0	1.4238729841526665	odas:4idl_glnscan_all
4idl	94	Y	Q	0	3.6978848839998832	odas:4idl_glnscan_all
4idl	95	C	Q	0	6.961645009147787	odas:4idl_glnscan_all
4idl	96	N	Q	0	-0.3877746769712509	odas:4idl_glnscan_all
4idl	97	A	Q	0	4.263302698163486	odas:4idl_glnscan_all
4idl	98	D	Q	1	-2.5664676277138625	odas:4idl_glnscan_all
4idl	99	G	Q	0	2.152384710537106	odas:4idl_glnscan_all
4idl	100	R	Q	-1	2.3546598529616176	odas:4idl_glnscan_all
4idl	101	R	Q	-1	1.282249909428543	odas:4idl_glnscan_all
4idl	102	F	Q	0	3.234696962094219	odas:4idl_glnscan_all
4idl	103	D	Q	1	1.785769443578232	odas:4idl_glnscan_all
4idl	104	G	Q	0	4.363431709912518	odas:4idl_glnscan_all
4idl	105	A	Q	0	-0.6643869444300279	odas:4idl_glnscan_all
4idl	106	R	Q	-1	1.058539759488184	odas:4idl_glnscan_all
4idl	108	R	Q	-1	3.1052052536342103	odas:4idl_glnscan_all
4idl	109	E	Q	1	-0.2879660003626796	odas:4idl_glnscan_all
4idl	110	Y	Q	0	5.585885919291968	odas:4idl_glnscan_all
4idl	111	E	Q	1	0.2822273882867989	odas:4idl_glnscan_all
4idl	112	S	Q	0	-1.634150253168329	odas:4idl_glnscan_all
4idl	114	G	Q	0	6.914673669933862	odas:4idl_glnscan_all
4idl	116	G	Q	0	6.839302990010211	odas:4idl_glnscan_all
4idl	117	T	Q	0	0.1840033895617665	odas:4idl_glnscan_all
4idl	119	V	Q	0	5.905745033406511	odas:4idl_glnscan_all
4idl	120	T	Q	0	0.563626975412852	odas:4idl_glnscan_all
4idl	121	I	Q	0	5.548081696804317	odas:4idl_glnscan_all
4idl	122	S	Q	0	-1.5008945030852558	odas:4idl_glnscan_all
4idl	123	S	Q	0	0.1195578475646357	odas:4idl_glnscan_all
4idl	1	K	I	-1	-2.1949098270825544	kazu:4idl_ile
4idl	2	V	I	0	0.1716683086421309	kazu:4idl_ile
4idl	3	Q	I	0	-0.6579659018074508	kazu:4idl_ile
4idl	4	L	I	0	0.8744749429904815	kazu:4idl_ile
4idl	5	Q	I	0	-0.5834644338862205	kazu:4idl_ile
4idl	6	Q	I	0	-2.6458788659743817	kazu:4idl_ile
4idl	7	S	I	0	-0.4115987369647755	kazu:4idl_ile
4idl	8	G	I	0	6.015316025794657	kazu:4idl_ile
4idl	9	G	I	0	1.5090986895751382	kazu:4idl_ile
4idl	10	G	I	0	3.08619254673226	kazu:4idl_ile
4idl	11	A	I	0	-1.963115673047227	kazu:4idl_ile
4idl	12	V	I	0	0.3204200042037337	kazu:4idl_ile
4idl	13	Q	I	0	-0.8040622988757491	kazu:4idl_ile
4idl	14	T	I	0	0.2609737009957271	kazu:4idl_ile
4idl	15	G	I	0	4.314848897074576	kazu:4idl_ile
4idl	16	G	I	0	0.8322119241685098	kazu:4idl_ile
4idl	17	S	I	0	1.7911652034185628	kazu:4idl_ile
4idl	18	L	I	0	-0.1853289168003087	kazu:4idl_ile
4idl	19	K	I	-1	-0.5778625804997333	kazu:4idl_ile
4idl	20	L	I	0	1.2718624854257534	kazu:4idl_ile
4idl	21	T	I	0	-0.7861233251187443	kazu:4idl_ile
4idl	22	C	I	0	4.342614495802065	kazu:4idl_ile
4idl	23	L	I	0	-0.765142128081532	kazu:4idl_ile
4idl	24	A	I	0	0.5842182684642765	kazu:4idl_ile
4idl	25	S	I	0	-1.216956328631603	kazu:4idl_ile
4idl	26	G	I	0	4.803175022937055	kazu:4idl_ile
4idl	27	N	I	0	0.2376406395942609	kazu:4idl_ile
4idl	28	T	I	0	-1.8631571821901929	kazu:4idl_ile
4idl	29	A	I	0	0.3123044763032885	kazu:4idl_ile
4idl	30	S	I	0	0.3135403238830236	kazu:4idl_ile
4idl	32	R	I	-1	0.6514126749967204	kazu:4idl_ile
4idl	33	A	I	0	1.183981978866333	kazu:4idl_ile
4idl	34	M	I	0	1.5344803926941282	kazu:4idl_ile
4idl	35	G	I	0	-1.4376876491644328	kazu:4idl_ile
4idl	37	Y	I	0	0.472538467567615	kazu:4idl_ile
4idl	38	R	I	-1	4.725401257965132	kazu:4idl_ile
4idl	39	R	I	-1	-0.2518248764974373	kazu:4idl_ile
4idl	40	A	I	0	0.7085633168059395	kazu:4idl_ile
4idl	42	G	I	0	3.706487974085048	kazu:4idl_ile
4idl	43	K	I	-1	2.835682658004984	kazu:4idl_ile
4idl	44	Q	I	0	0.7829714461097268	kazu:4idl_ile
4idl	45	R	I	-1	-2.199917567241471	kazu:4idl_ile
4idl	46	E	I	1	0.5998618701738394	kazu:4idl_ile
4idl	48	V	I	0	-1.3811550919385782	kazu:4idl_ile
4idl	49	A	I	0	2.830388125858695	kazu:4idl_ile
4idl	50	S	I	0	-0.1039026923061299	kazu:4idl_ile
4idl	51	L	I	0	-1.7811334985967695	kazu:4idl_ile
4idl	52	T	I	0	0.7536909611260612	kazu:4idl_ile
4idl	53	T	I	0	0.0862807504646063	kazu:4idl_ile
4idl	54	T	I	0	0.3911026662251018	kazu:4idl_ile
4idl	55	G	I	0	4.035857557473797	kazu:4idl_ile
4idl	56	T	I	0	-0.6733161923399251	kazu:4idl_ile
4idl	57	A	I	0	2.163591003718734	kazu:4idl_ile
4idl	58	D	I	1	-0.7388987236959679	kazu:4idl_ile
4idl	60	G	I	0	3.825621612187408	kazu:4idl_ile
4idl	61	D	I	1	-0.8722730098591001	kazu:4idl_ile
4idl	62	F	I	0	-1.1950947201894704	kazu:4idl_ile
4idl	63	V	I	0	-0.3411922425662217	kazu:4idl_ile
4idl	64	K	I	-1	0.0640330982141392	kazu:4idl_ile
4idl	65	G	I	0	4.350520945861369	kazu:4idl_ile
4idl	66	R	I	-1	5.940406838058266	kazu:4idl_ile
4idl	67	F	I	0	-0.2913729340103597	kazu:4idl_ile
4idl	68	T	I	0	0.2580215822882223	kazu:4idl_ile
4idl	70	S	I	0	-0.0422373391288855	kazu:4idl_ile
4idl	71	R	I	-1	-1.4882892980712086	kazu:4idl_ile
4idl	72	D	I	1	0.239974733132783	kazu:4idl_ile
4idl	73	N	I	0	-1.4341722202879057	kazu:4idl_ile
4idl	74	A	I	0	-0.573222600066412	kazu:4idl_ile
4idl	75	N	I	0	1.0782547078850089	kazu:4idl_ile
4idl	76	N	I	0	0.8149627355941078	kazu:4idl_ile
4idl	77	A	I	0	-1.297474881502783	kazu:4idl_ile
4idl	78	A	I	0	-4.005164713829193	kazu:4idl_ile
4idl	79	T	I	0	-1.3145268425911532	kazu:4idl_ile
4idl	80	L	I	0	1.5879187780374266	kazu:4idl_ile
4idl	81	Q	I	0	-1.3245788081354846	kazu:4idl_ile
4idl	82	M	I	0	1.0346474463011717	kazu:4idl_ile
4idl	83	D	I	1	-1.210138569563668	kazu:4idl_ile
4idl	84	S	I	0	0.8000735702784776	kazu:4idl_ile
4idl	85	L	I	0	1.6612227868841316	kazu:4idl_ile
4idl	86	K	I	-1	1.1300565549558428	kazu:4idl_ile
4idl	88	E	I	1	0.7327515652913661	kazu:4idl_ile
4idl	89	D	I	1	2.4324731213874884	kazu:4idl_ile
4idl	90	T	I	0	2.234507994948107	kazu:4idl_ile
4idl	91	A	I	0	7.665476428309807	kazu:4idl_ile
4idl	92	V	I	0	-0.4425797534448827	kazu:4idl_ile
4idl	93	Y	I	0	5.660414683335228	kazu:4idl_ile
4idl	94	Y	I	0	-1.2737376372389289	kazu:4idl_ile
4idl	95	C	I	0	2.6538905650952547	kazu:4idl_ile
4idl	96	N	I	0	1.6085194561889151	kazu:4idl_ile
4idl	97	A	I	0	1.1996004097351705	kazu:4idl_ile
4idl	98	D	I	1	-3.795527234988669	kazu:4idl_ile
4idl	99	G	I	0	-0.3218054725398094	kazu:4idl_ile
4idl	100	R	I	-1	-0.8382239659510446	kazu:4idl_ile
4idl	101	R	I	-1	0.3525832540818783	kazu:4idl_ile
4idl	102	F	I	0	2.9846405179888427	kazu:4idl_ile
4idl	103	D	I	1	0.0066045567650974	kazu:4idl_ile
4idl	104	G	I	0	5.693355451323221	kazu:4idl_ile
4idl	105	A	I	0	0.4351478317560477	kazu:4idl_ile
4idl	106	R	I	-1	1.5864333853659218	kazu:4idl_ile
4idl	108	R	I	-1	0.6790864470128781	kazu:4idl_ile
4idl	109	E	I	1	0.4304424879030222	kazu:4idl_ile
4idl	110	Y	I	0	2.011408040017768	kazu:4idl_ile
4idl	111	E	I	1	-1.0806002380183628	kazu:4idl_ile
4idl	112	S	I	0	-1.2565044316220688	kazu:4idl_ile
4idl	114	G	I	0	4.080762371672897	kazu:4idl_ile
4idl	115	Q	I	0	0.3207488590828902	kazu:4idl_ile
4idl	116	G	I	0	8.051433229233535	kazu:4idl_ile
4idl	117	T	I	0	-1.2719210735019075	kazu:4idl_ile
4idl	118	Q	I	0	-0.2270787861060412	kazu:4idl_ile
4idl	119	V	I	0	0.6993535781159785	kazu:4idl_ile
4idl	120	T	I	0	-0.67506779457905	kazu:4idl_ile
4idl	122	S	I	0	-1.9994026521909665	kazu:4idl_ile
4idl	123	S	I	0	-0.1485196931576733	kazu:4idl_ile
