exp	timestamp	encoder	base_model	axis	source	source_label	family	n_points	min_n	max_n	best_n	best_x_actual	best_mae	best_ci_width	mae_avg	slope	full_range_p_positive	path
fep_hot	2026-05-29T23:22:02	hot	ESM-2 8M	n_ddg	FEP	FEP ddG	Physics ddG	5	10.0	320.0	40.0	80.0	6.574750020445957	0.8118640620964728	6.6198789666634585	-0.0010000000056869678	0.5259	results/fep_hot/scaling.json
tm_ref_hot	2026-05-29T22:20:28	hot	ESM-2 8M	n_tm	Tm only	Tm only	Tm reference	5	10.0	57.0	57.0	57.0	6.618537981955337	0.859096257554536	6.981998039143145	-0.3756722465713402	0.0	results/tm_ref_hot/scaling.json
hot_q_slope_400k	2026-05-18T02:06:34	hot	ESM-2 8M	n_md	MD_Q_SLOPE_400K	Q slope 400K	MD Q	5	10.0	320.0	10.0	10.0	6.64980195289275	0.8397469687521495	6.697581113080668	-0.0010000000000166462	0.8584	results/hot_q_slope_400k/scaling.json
hot_q_400k	2026-05-23T20:49:05	hot	ESM-2 8M	n_md	MD_Q_HPHIL_400K	Q HPHIL 400K	MD Q	6	10.0	640.0	160.0	160.0	6.664877258511583	0.864260741207719	6.766816233123439	-2.9999999999999996	0.0004	results/hot_q_400k/scaling.json
hot_q_slope	2026-05-07T07:07:20	hot	ESM-2 8M	n_md	MD_Q_SLOPE	Q slope 300K	MD Q	4	10.0	640.0	40.0	40.0	6.665695505403615	0.8631399493027674	6.7832239569824955	-0.00100000000004089	0.9997	results/hot_q_slope/scaling.json
short_hot_t10	2026-05-30T01:57:38	hot	ESM-2 8M	n_md	MD_Q_HPHIL_400K_T10	Q HPHIL 400K, 10 ns	Short MD Q	1	640.0	640.0	640.0	640.0	6.667224425151085	0.8726880145391762	6.667224425151085			results/short_hot_t10/scaling.json
hot_rg_std	2026-05-07T08:07:52	hot	ESM-2 8M	n_md	MD_RG_STD	Rg std 300K	MD flexibility	4	10.0	640.0	40.0	40.0	6.669008399478934	0.8645079887256868	6.819738061850618	-0.0010000000009549525	0.8944	results/hot_rg_std/scaling.json
hot_q_min_400k	2026-05-18T02:40:02	hot	ESM-2 8M	n_md	MD_Q_MIN_400K	Q min 400K	MD Q	5	10.0	320.0	320.0	320.0	6.688673358962433	0.8676560619721734	6.819020855847901	-1.833518188366633	0.0001	results/hot_q_min_400k/scaling.json
hot_q_std	2026-05-07T06:33:47	hot	ESM-2 8M	n_md	MD_Q_STD	Q std 300K	MD Q	4	10.0	640.0	40.0	40.0	6.692819496702669	0.8655951666712118	6.757640750325041	-0.00100000000090399	0.5875	results/hot_q_std/scaling.json
hot_q_std_400k	2026-05-18T03:08:09	hot	ESM-2 8M	n_md	MD_Q_STD_400K	Q std 400K	MD Q	5	10.0	320.0	40.0	40.0	6.7097546992671875	0.8608004663207618	6.8215957265102585	-0.001000000002967719	0.0557	results/hot_q_std_400k/scaling.json
hot_ss_dist_mean	2026-05-19T10:34:56	hot	ESM-2 8M	n_md	MD_SS_DIST_MEAN	SS distance mean	MD structure	4	10.0	640.0	640.0	640.0	6.726629646780526	0.8687899622710242	6.811767747446471	-0.029200848427597886	0.0708	results/hot_ss_dist_mean/scaling.json
hot_rmsf_max	2026-05-07T07:39:43	hot	ESM-2 8M	n_md	MD_RMSF_MAX	RMSF max 300K	MD flexibility	4	10.0	640.0	40.0	40.0	6.733934354692287	0.8723307932253173	6.8475261385548505	-2.999999999996645	0.3639	results/hot_rmsf_max/scaling.json
hot_q_min	2026-05-07T05:58:56	hot	ESM-2 8M	n_md	MD_Q_MIN	Q min 300K	MD Q	4	10.0	640.0	160.0	160.0	6.735078061306588	0.8638573445666484	6.829145135779541	-1.0579207391589553	0.0011	results/hot_q_min/scaling.json
short_hot_t50	2026-05-30T02:59:26	hot	ESM-2 8M	n_md	MD_Q_HPHIL_400K_T50	Q HPHIL 400K, 50 ns	Short MD Q	1	640.0	640.0	640.0	640.0	6.745430019897886	0.8601458203461343	6.745430019897886			results/short_hot_t50/scaling.json
hot_lowflex_sweep	2026-05-06T05:26:04	hot	ESM-2 8M	n_md	MD_Q_LOWFLEX	Q low-flex 300K	MD Q	4	10.0	640.0	640.0	640.0	6.760591554423949	0.8580557202143595	6.834011724868189	-0.4314977902723665	0.0142	results/hot_lowflex_sweep/scaling.json
short_hot_t5	2026-05-30T01:34:46	hot	ESM-2 8M	n_md	MD_Q_HPHIL_400K_T5	Q HPHIL 400K, 5 ns	Short MD Q	1	640.0	640.0	640.0	640.0	6.768487773684625	0.8757421364336055	6.768487773684625			results/short_hot_t5/scaling.json
short_hot_t100	2026-05-30T03:20:27	hot	ESM-2 8M	n_md	MD_Q_HPHIL_400K_T100	Q HPHIL 400K, 100 ns	Short MD Q	1	640.0	640.0	640.0	640.0	6.779847919046385	0.8605572924142706	6.779847919046385			results/short_hot_t100/scaling.json
hot_650m_lowflex_640	2026-05-06T08:06:29	hot	ESM-2 650M	n_md	MD_Q_LOWFLEX	Q low-flex 300K	MD Q	1	640.0	640.0	640.0	640.0	6.7825104128450375	0.8899030042819076	6.7825104128450375			results/hot_650m_lowflex_640/scaling.json
hot_q_framework	2026-05-19T09:54:03	hot	ESM-2 8M	n_md	MD_Q_FRAMEWORK	Q framework 300K	MD Q	4	10.0	640.0	40.0	40.0	6.7879530634485015	0.8499532427442285	6.854144057135637	-2.9122861589091826	0.3279	results/hot_q_framework/scaling.json
short_hot_t17	2026-05-30T02:15:51	hot	ESM-2 8M	n_md	MD_Q_HPHIL_400K_T17	Q HPHIL 400K, 17 ns	Short MD Q	1	640.0	640.0	640.0	640.0	6.799399095249125	0.854686336487041	6.799399095249125			results/short_hot_t17/scaling.json
short_hot_t30	2026-05-30T02:38:14	hot	ESM-2 8M	n_md	MD_Q_HPHIL_400K_T30	Q HPHIL 400K, 30 ns	Short MD Q	1	640.0	640.0	640.0	640.0	6.8162365930260345	0.864352805687707	6.8162365930260345			results/short_hot_t30/scaling.json
hot_qhphil_alone_640	2026-05-06T04:49:35	hot	ESM-2 8M	n_md	MD_Q_HPHIL	Q HPHIL 300K	MD Q	1	640.0	640.0	640.0	640.0	6.9295971094158535	0.8386507054310748	6.9295971094158535			results/hot_qhphil_alone_640/scaling.json
lora_650m_lowflex_640	2026-05-06T06:36:04	lora	ESM-2 650M	n_md	MD_Q_LOWFLEX	Q low-flex 300K	MD Q	1	640.0	640.0	640.0	640.0	6.9633501966255045	0.8958613921009553	6.9633501966255045			results/lora_650m_lowflex_640/scaling.json
hot_cdr3_len	2026-05-19T09:20:27	hot	ESM-2 8M	n_md	MD_CDR3_LEN	CDR3 length	MD structure	4	10.0	640.0	10.0	10.0	7.037760957450503	0.8555998057558654	7.357879408050146	-0.0010000000009584048	1.0	results/hot_cdr3_len/scaling.json
short_frozen_t5	2026-05-30T01:25:50	frozen	ESM-2 8M	n_md	MD_Q_HPHIL_400K_T5	Q HPHIL 400K, 5 ns	Short MD Q	1	640.0	640.0	640.0	640.0	7.198172195686013	0.8932086145193638	7.198172195686013			results/short_frozen_t5/scaling.json
fep_frozen	2026-05-29T23:09:09	frozen	ESM-2 8M	n_ddg	FEP	FEP ddG	Physics ddG	5	10.0	320.0	320.0	640.0	7.204575858653498	0.8783074013327123	7.239632472411422	-0.3244795083480717	0.1362	results/fep_frozen/scaling.json
combo_lowflex_highflex_frozen	2026-05-06T04:43:10	frozen	ESM-2 8M	n_md	MD_Q_LOWFLEX	Q low-flex 300K	MD Q	5	10.0	640.0	640.0	640.0	7.219724586484244	0.8979812904083904	7.634281794004903	-0.1146706429945794	0.0	results/combo_lowflex_highflex_frozen/scaling.json
frozen_q_400k	2026-05-23T19:49:35	frozen	ESM-2 8M	n_md	MD_Q_HPHIL_400K	Q HPHIL 400K	MD Q	6	10.0	640.0	640.0	640.0	7.240938712815937	0.8873685339431052	7.40172683153639	-1.2459197912079842	0.0	results/frozen_q_400k/scaling.json
frozen_q_slope	2026-05-07T04:47:41	frozen	ESM-2 8M	n_md	MD_Q_SLOPE	Q slope 300K	MD Q	4	10.0	640.0	640.0	640.0	7.244563242002423	0.8896146567140644	7.390096702315063	-1.6122712481830266	0.0	results/frozen_q_slope/scaling.json
frozen_rmsf_max	2026-05-07T05:06:58	frozen	ESM-2 8M	n_md	MD_RMSF_MAX	RMSF max 300K	MD flexibility	4	10.0	640.0	160.0	160.0	7.249705892076024	0.8839013394340247	7.455809821318594	-0.9272140133094094	0.0	results/frozen_rmsf_max/scaling.json
short_frozen_t100	2026-05-30T02:13:30	frozen	ESM-2 8M	n_md	MD_Q_HPHIL_400K_T100	Q HPHIL 400K, 100 ns	Short MD Q	1	640.0	640.0	640.0	640.0	7.251673209538724	0.8907296919789047	7.251673209538724			results/short_frozen_t100/scaling.json
frozen_q_min	2026-05-07T04:11:08	frozen	ESM-2 8M	n_md	MD_Q_MIN	Q min 300K	MD Q	4	10.0	640.0	640.0	640.0	7.261823121435907	0.8953669699832147	7.47440102786812	-1.0411251774244743	0.0	results/frozen_q_min/scaling.json
frozen_q_framework	2026-05-18T23:38:50	frozen	ESM-2 8M	n_md	MD_Q_FRAMEWORK	Q framework 300K	MD Q	4	10.0	640.0	640.0	640.0	7.265355994043876	0.8879562953235691	7.488888093821026	-1.4030753139196805	0.0	results/frozen_q_framework/scaling.json
short_frozen_t30	2026-05-30T01:54:56	frozen	ESM-2 8M	n_md	MD_Q_HPHIL_400K_T30	Q HPHIL 400K, 30 ns	Short MD Q	1	640.0	640.0	640.0	640.0	7.26604264576726	0.9001536396715677	7.26604264576726			results/short_frozen_t30/scaling.json
short_frozen_t50	2026-05-30T02:04:12	frozen	ESM-2 8M	n_md	MD_Q_HPHIL_400K_T50	Q HPHIL 400K, 50 ns	Short MD Q	1	640.0	640.0	640.0	640.0	7.267108180945328	0.8893065237360487	7.267108180945328			results/short_frozen_t50/scaling.json
frozen_cdr3_len	2026-05-19T01:24:01	frozen	ESM-2 8M	n_md	MD_CDR3_LEN	CDR3 length	MD structure	4	10.0	640.0	640.0	640.0	7.278781692131886	0.9001183203170138	7.555165944667348	-0.5279553015866665	0.0017	results/frozen_cdr3_len/scaling.json
frozen_ss_dist_mean	2026-05-19T00:41:55	frozen	ESM-2 8M	n_md	MD_SS_DIST_MEAN	SS distance mean	MD structure	4	10.0	640.0	640.0	640.0	7.286670607449736	0.8989253970353337	7.481719828620406	-1.6582790785026449	0.0	results/frozen_ss_dist_mean/scaling.json
short_frozen_t17	2026-05-30T01:44:21	frozen	ESM-2 8M	n_md	MD_Q_HPHIL_400K_T17	Q HPHIL 400K, 17 ns	Short MD Q	1	640.0	640.0	640.0	640.0	7.2875802703788635	0.8948589741948743	7.2875802703788635			results/short_frozen_t17/scaling.json
frozen_rmsf_cdr3	2026-05-18T23:58:28	frozen	ESM-2 8M	n_md	MD_RMSF_CDR3	RMSF CDR3 300K	MD flexibility	4	10.0	640.0	40.0	40.0	7.300731799443737	0.8952818640799176	7.45989384877557	-2.9999999999999996	0.0	results/frozen_rmsf_cdr3/scaling.json
rosetta_full	2026-05-06T04:07:55	frozen	ESM-2 8M	n_md	ROSETTA_Q_HPHIL	Rosetta MC Q	Rosetta MC Q	8	10.0	960.0	160.0	160.0	7.316384555500494	0.9036513330482254	7.394186500314808	-2.999999999999821	0.0001	results/rosetta_full/scaling.json
frozen_q_std	2026-05-07T04:27:41	frozen	ESM-2 8M	n_md	MD_Q_STD	Q std 300K	MD Q	4	10.0	640.0	160.0	160.0	7.316450753987177	0.8993662463825549	7.577909216141831	-1.4747248542041311	0.0	results/frozen_q_std/scaling.json
frozen_q_lowflex_full	2026-05-06T02:42:34	frozen	ESM-2 8M	n_md	MD_Q_LOWFLEX	Q low-flex 300K	MD Q	5	10.0	640.0	160.0	160.0	7.3167162417054135	0.905523723996164	7.501357403074776	-2.9351717265692185	0.0	results/frozen_q_lowflex_full/scaling.json
frozen_q_hphil_full	2026-05-06T02:19:52	frozen	ESM-2 8M	n_md	MD_Q_HPHIL	Q HPHIL 300K	MD Q	7	10.0	640.0	640.0	640.0	7.3177634100059485	0.8991364360645422	7.426428545997248	-2.4707809446612865	0.0	results/frozen_q_hphil_full/scaling.json
frozen_rmsf_framework	2026-05-19T00:18:57	frozen	ESM-2 8M	n_md	MD_RMSF_FRAMEWORK	RMSF framework 300K	MD flexibility	4	10.0	640.0	160.0	160.0	7.32922854937064	0.9007948120384359	7.4799936387070085	-2.9999999960684454	0.0	results/frozen_rmsf_framework/scaling.json
frozen_q_highflex_full	2026-05-06T03:02:36	frozen	ESM-2 8M	n_md	MD_Q_HIGHFLEX	Q high-flex 300K	MD Q	5	10.0	640.0	640.0	640.0	7.334104690805495	0.898102205385964	7.516055742824359	-2.7088969203593	0.0	results/frozen_q_highflex_full/scaling.json
short_frozen_t10	2026-05-30T01:34:56	frozen	ESM-2 8M	n_md	MD_Q_HPHIL_400K_T10	Q HPHIL 400K, 10 ns	Short MD Q	1	640.0	640.0	640.0	640.0	7.334985910791605	0.8917923076057441	7.334985910791605			results/short_frozen_t10/scaling.json
frozen_ss_dist_std	2026-05-19T01:01:57	frozen	ESM-2 8M	n_md	MD_SS_DIST_STD	SS distance std	MD structure	4	10.0	640.0	40.0	40.0	7.339680541748787	0.9058837266025188	7.5289398326890895	-2.9999999999999996	0.0	results/frozen_ss_dist_std/scaling.json
tm_ref_frozen	2026-05-29T22:13:19	frozen	ESM-2 8M	n_tm	Tm only	Tm only	Tm reference	5	10.0	57.0	57.0	57.0	7.35903660386135	0.9035970542787695	7.773911807663708	-0.37506585154919975	0.0	results/tm_ref_frozen/scaling.json
frozen_rg_std	2026-05-07T05:23:35	frozen	ESM-2 8M	n_md	MD_RG_STD	Rg std 300K	MD flexibility	4	10.0	640.0	160.0	160.0	7.3619499299710265	0.9021267743947226	7.633683353472168	-1.430058527019903	0.0	results/frozen_rg_std/scaling.json
md_weight_w1.0	2026-05-06T08:08:57	frozen	ESM-2 8M	n_md	MD_Q_HPHIL	Q HPHIL 300K	MD Q	1	320.0	320.0	320.0	320.0	7.3726359085475295	0.9017800609619977	7.3726359085475295			results/md_weight_w1.0/scaling.json
frozen_saltbridge_full	2026-05-06T03:23:42	frozen	ESM-2 8M	n_md	MD_SALTBRIDGE	salt-bridge persistence	MD structure	5	10.0	640.0	40.0	40.0	7.387122035498424	0.8946770755442701	7.533164983588875	-2.9999999651075138	0.0	results/frozen_saltbridge_full/scaling.json
frozen_q_cdr3	2026-05-18T23:19:43	frozen	ESM-2 8M	n_md	MD_Q_CDR3	Q CDR3 300K	MD Q	4	10.0	640.0	160.0	160.0	7.401980018752923	0.904182850388433	7.647042532828876	-0.9603553812952801	0.0	results/frozen_q_cdr3/scaling.json
md_weight_w8.0	2026-05-06T08:11:49	frozen	ESM-2 8M	n_md	MD_Q_HPHIL	Q HPHIL 300K	MD Q	1	320.0	320.0	320.0	320.0	7.475020772891744	0.9008322889571936	7.475020772891744			results/md_weight_w8.0/scaling.json
