pdb_id	q_value_raw	n_frames_used	n_contacts	seq_len	ddg_scaled01
1bzq	0.943032205104828	333	141	124	0.9409925207837044
1f2x	0.9990012645721436	333	138	126	0.9995563764777062
1g6v	0.9905516505241394	333	142	126	0.9907150276595024
1g9e	0.9287197589874268	333	140	117	0.9260165316028044
1hcv	0.970597207546234	333	170	116	0.9698354715237651
1i3v	0.9353914260864258	333	216	129	0.9329975056077788
1jto	0.8580285310745239	333	167	131	0.8520479691555357
1jtp	0.8610808849334717	333	145	130	0.8552418339912818
1jtt	0.9704827070236206	333	170	133	0.96971566261243
1kxq	0.9715521335601808	333	123	120	0.9708346691127808
1kxt	0.9238083958625792	333	156	123	0.9208774714856272
1kxv	0.8672969341278076	333	164	119	0.861746067070569
1mel	0.9415124654769896	333	167	131	0.9394023241088943
1mvf	0.9251934289932252	333	164	122	0.922326716500043
1ohq	0.9398829340934752	333	140	119	0.937697245594064
1ol0	0.7334722876548767	333	143	119	0.7217171411080325
1op9	0.8804290294647217	333	159	121	0.8754869829192626
1qd0	0.8255412578582764	333	185	128	0.818054544955885
1rjc	0.9276280403137208	333	167	123	0.9248741994736984
1shm	0.9807577133178712	333	161	113	0.9804670311649578
1sjv	0.7416807413101196	333	118	102	0.7303061490333359
1sjx	0.9455034136772156	333	205	119	0.9435782977040332
1t2j	0.9980735182762146	333	166	116	0.9985856186927348
1u0q	0.9697669744491576	333	163	124	0.9689667477726012
1xfp	0.9746029376983644	333	155	130	0.9740269123807526
1yc7	0.8879829049110413	333	167	116	0.8833910655638364
1yc8	0.9159386157989502	333	168	113	0.9126428384870318
1yzz	0.8623612523078918	333	230	115	0.8565815608129312
1zmy	0.9630057215690612	333	155	133	0.9618920346766656
1zv5	0.993416428565979	333	160	119	0.9937126204265494
1zvh	0.96912282705307	333	154	124	0.9682927368903534
1zvy	0.9693819880485536	333	141	125	0.968563912916634
2bse	0.9690452814102172	333	149	122	0.9682115961336398
2p42	0.9489689469337464	333	158	118	0.9472044974556432
2p43	0.8440428972244263	333	138	118	0.8374139436710701
2p44	0.8232365250587463	333	130	116	0.8156429618353266
2p45	0.5153265595436096	333	127	114	0.4934579017539797
2p46	0.5849454998970032	333	145	114	0.5663044640373143
2p47	0.6855409145355225	333	130	114	0.6715636090441882
2p48	0.92184978723526	173	134	114	0.9188280592906922
2p49	0.9824027419090272	333	146	121	0.9821883253575326
2p4a	0.9464221596717834	333	157	121	0.9445396379223144
2vyr	0.9915043711662292	333	149	124	0.9917119176328392
2wzp	0.9555970430374146	333	173	122	0.9541398804589593
2x1o	0.93013197183609	333	167	120	0.9274942164212644
2x1p	0.9972396492958068	333	138	118	0.9977130904941
2x1q	0.9893149733543396	333	157	119	0.9894210165754944
2x6m	0.9820179343223572	333	186	126	0.9817856776055394
2x89	0.9426202774047852	333	181	128	0.9405614955956582
2xa3	0.7950974702835083	333	163	123	0.7861993449708159
2xt1	0.8419658541679382	333	179	113	0.8352406062773726
2xv6	0.95752614736557	333	176	112	0.9561584204981884
2xxc	0.8780880570411682	333	182	112	0.8730374800599787
2xxm	0.9822570085525512	333	156	110	0.9820358356187434
3b9v	0.8174090385437012	333	157	119	0.8095453056914862
3cfi	0.9633777141571044	333	173	109	0.962281273310524
3dwt	0.9799053072929382	333	148	126	0.979575106521021
3eak	0.9247526526451112	333	138	127	0.9218655052041956
3eba	0.99549001455307	333	161	122	0.99588234047675
3ezj	0.9464645385742188	333	252	120	0.9445839815641464
3g9a	0.9756496548652648	333	198	129	0.9751221566764084
3jbc	0.8970738053321838	333	164	129	0.8929034316007043
3jbd	0.8595414161682129	333	183	120	0.8536309935113433
3k1k	0.8969326019287109	333	169	114	0.8927556818292557
3k3q	0.9104753732681274	333	193	137	0.9069263131381776
3k74	0.8481793403625488	333	198	115	0.8417421575330328
3k7u	0.9864476919174194	333	144	119	0.9864208043528118
3k80	0.9862302541732788	333	188	124	0.9861932859204589
3k81	0.9791333079338074	333	154	116	0.9787673162973812
3ln9	0.9756850600242616	183	204	124	0.9751592032632554
3ogo	0.9340822100639344	333	182	115	0.9316275926783284
3p0g	0.9702443480491638	333	198	121	0.969466253015122
3p9w	0.9655279517173768	333	145	122	0.9645311985975684
3qsk	0.928357720375061	333	148	121	0.9256377084234974
3qxt	0.9862464070320128	333	162	124	0.9862101876461078
3qxu	0.9972569942474364	333	153	124	0.9977312395795755
3qxv	0.961786687374115	333	153	123	0.9606164845180896
3qxw	0.9880015254020692	333	158	124	0.9880466755186595
3qyc	0.9661707878112792	333	144	125	0.9652038373840072
3r0m	0.9991218447685242	333	179	127	0.9996825469241564
3rjq	0.994516670703888	333	208	127	0.994863871178415
3sn6	0.982202410697937	333	216	128	0.9819787065386898
3stb	0.9494653940200806	333	194	126	0.947723960455388
3tpk	0.8979284167289734	333	174	120	0.8937976638603201
3upc	0.9378960132598876	333	157	113	0.9356182086032496
3v0a	0.8681330680847168	333	131	118	0.8626209652528742
3zhd	0.8725494146347046	333	159	120	0.8672420592020985
3zhk	0.9800612330436708	333	176	120	0.9797382611863268
3zhl	0.9730974435806274	333	166	121	0.9724516216558692
3zkq	0.9825718998908995	333	147	113	0.9823653257169128
3zks	0.9721096754074096	333	158	112	0.9714180593036336
3zkx	0.944000244140625	333	167	111	0.9420054393308114
3zlq	0.9250248074531556	333	179	112	0.922150277452585
4aq1	0.9777456521987916	333	149	124	0.9773153270913472
4b41	0.9837970733642578	333	163	114	0.9836472997785952
4b50	0.8483182787895203	333	197	118	0.8418875373208111
4b5e	0.9423930644989014	333	169	125	0.9403237488127278
4bel	0.9653838872909546	333	146	112	0.9643804551625362
4bfb	0.99148428440094	333	159	121	0.9916908996197626
4c57	0.9885400533676147	333	213	127	0.9886101703202798
4c58	0.7909688949584961	333	131	121	0.781879363683708
4c59	0.9547073245048524	333	104	121	0.953208913452453
4cdg	0.9498419165611268	333	239	122	0.9481179390565871
4dk3	0.9109227657318116	333	212	127	0.907394447281062
4dk6	0.9816332459449768	333	195	127	0.9813831545895288
4dka	0.9661279916763306	333	213	127	0.9651590571662356
4eig	0.9865484237670898	333	231	117	0.9865262062581508
4eiz	0.9952353239059448	333	165	127	0.9956158420498188
4ej1	0.98175710439682	333	180	126	0.9815127552755016
4fhb	0.95344340801239	300	184	125	0.9518864001964092
4gft	0.9870158433914183	333	180	125	0.9870152960461204
4grw	0.9924307465553284	333	105	125	0.99268124095401
4hem	0.9941272735595704	333	177	122	0.9944564210910896
4hep	0.917540431022644	333	147	130	0.914318915885896
4i0c	0.9098067283630372	333	176	126	0.9062266690114952
4i13	0.959491729736328	333	132	127	0.9582151297481084
4i1n	0.9946696758270264	333	170	128	0.995023969812146
4idl	0.8852547407150269	333	214	123	0.8805364202329061
4ios	0.9816683530807496	333	141	118	0.9814198893364192
4jvp	0.631828784942627	333	165	127	0.6153613173417022
4kdt	0.9453075528144836	333	162	129	0.9433733564845396
4kfz	0.9496857523918152	333	164	123	0.947954534919316
4kml	0.983040452003479	333	192	123	0.9828556004967174
4krl	0.924062728881836	333	191	122	0.9211435957046104
4krm	0.9462186694145204	333	172	122	0.9443267135999316
4krn	0.9629833698272704	333	131	126	0.9618686466799188
4kro	0.9337945580482484	333	95	110	0.9313266047521944
4krp	0.8160627484321594	333	127	113	0.8081365998714315
4ksd	0.953844428062439	333	167	118	0.9523060120420428
4laj	0.972999632358551	333	186	123	0.9723492757821052
4lde	0.967905044555664	333	216	120	0.9670184964595951
4ldl	0.9699984788894652	300	193	120	0.969208985050907
4ldo	0.9936615824699402	333	207	120	0.9939691399748684
4lgp	0.9679747819900512	333	146	115	0.9670914670094451
4lgr	0.8851130604743958	333	235	122	0.8803881715175269
4lgs	0.9850977063179016	333	166	129	0.985008231717295
4lhj	0.8493863344192505	333	175	119	0.8430051093573613
4lhq	0.9885050654411316	333	161	128	0.988573560309372
4m3j	0.93557608127594	333	183	119	0.9331907216449034
4m3k	0.8910149335861206	333	180	116	0.8865636629145407
4mqs	0.968570590019226	333	214	121	0.9677148974507286
4mqt	0.9990997314453124	66	172	121	0.999659408399375
4n1h	0.994897961616516	333	211	126	0.99526283921892
4n9o	0.9707856178283693	333	206	124	0.9700326167443432
4nbx	0.9972622394561768	333	159	123	0.997736727962812
4nby	0.9953614473342896	333	149	123	0.9957478127194622
4nbz	0.9959696531295776	333	146	123	0.9963842157029412
4nc0	0.9954879879951476	333	158	124	0.9958802199650448
4nc1	0.9098400473594666	333	146	122	0.9062615327186458
4nc2	0.9886298775672911	333	149	122	0.9887041588832064
4ocl	0.8472933173179626	333	188	125	0.8408150573419888
4ocm	0.914884388446808	333	171	125	0.9115397358244688
4ocn	0.9058212637901306	333	151	122	0.9020564332715584
4orz	0.949091613292694	333	182	114	0.9473328507817896
4p2c	0.9841411113739014	333	206	120	0.9840072878245224
4pfe	0.9864532351493835	333	184	116	0.9864266045760052
4pgj	0.9744253754615784	333	158	119	0.9738411181345958
4pir	0.9462003707885742	333	229	124	0.9443075666265948
4pou	0.9025864005088806	333	131	120	0.8986715976463755
4poy	0.996679186820984	333	162	121	0.9971266442716724
4ppt	0.940244734287262	333	180	121	0.9380758193014058
4qgy	0.9383119940757751	333	173	135	0.936053474814706
4qkx	0.9640821814537048	333	221	120	0.9630184005999926
4qlr	0.9985588788986206	333	148	130	0.9990934812460932
4qo1	0.9742481112480164	333	185	127	0.9736556357283956
4s10	0.9776273369789124	333	195	126	0.9771915266285676
4s11	0.9316166043281556	333	197	129	0.929047678349184
4tvs	0.9958756566047668	333	170	127	0.9962858613806218
4tyu	0.9723340272903442	333	148	129	0.9716528124229804
4u05	0.9714467525482178	333	149	129	0.9707244025041184
4u3x	0.9742882251739502	333	146	119	0.9736976093865574
4u7s	0.9854210019111632	333	150	129	0.9853465157022412
4w2o	0.9649368524551392	333	196	118	0.9639126952275996
4w2p	0.903057098388672	333	244	121	0.8991641176738678
4w2q	0.916100025177002	333	243	117	0.9128117310075394
4w68	0.9842589497566224	333	148	129	0.9841305893433716
4w6w	0.9889517426490784	333	157	124	0.9890409460363606
4w6x	0.9532327055931092	333	187	125	0.951665929347076
4w6y	0.9609158635139464	333	185	127	0.9597052881648332
4w70	0.9753822088241576	333	160	129	0.974842311499334
4w81	0.9697463512420654	333	148	129	0.9689451684476028
4wem	0.94662743806839	333	218	121	0.9447544332844372
4wen	0.9573120474815368	333	233	121	0.9559343946733494
4weu	0.9818937182426452	333	178	121	0.9816557027116184
4x7c	0.655259370803833	333	187	115	0.6398781747315054
4x7d	0.5940741300582886	333	150	102	0.5758563090126908
4x7e	0.6969605684280396	333	218	121	0.6835126925021185
4x7f	0.9865139126777648	333	155	112	0.9864900951911736
4xt1	0.8975030779838562	333	199	116	0.8933526058742259
4y7m	0.924699366092682	333	144	129	0.9218097482199512
4y8d	0.9609896540641784	333	140	120	0.9597824997380934
4yga	0.9572365283966064	333	197	123	0.9558553744283408
4z9k	0.9710348844528198	333	113	116	0.9702934396840636
4zg1	0.948299527168274	333	182	116	0.9465040425450736
5bop	0.9855469465255736	333	184	123	0.9854782992679104
5boz	0.9485118985176086	333	148	118	0.9467262596981642
5c1m	0.9345147609710692	333	131	117	0.9320801971913728
5c2u	0.9288756251335144	333	167	124	0.926179623900119
5c3l	0.888483464717865	333	174	112	0.8839148319549825
5da0	0.8893216252326965	333	123	112	0.8847918506489928
5da4	0.9415523409843444	333	181	122	0.9394440482950908
5dmj	0.962004780769348	333	165	115	0.9608446889983472
5dxw	0.9399599432945251	333	194	113	0.9377778250388557
5e03	0.9772377610206604	333	144	113	0.976783889437268
5e0q	0.950439751148224	300	171	126	0.9487434900095756
5e1h	0.9828102588653564	333	174	124	0.9826147353142208
5e5m	0.9060084223747252	333	150	111	0.9022522687643184
5e7b	0.9904104471206664	333	136	121	0.990567277888054
5e7f	0.9167086482048036	333	158	125	0.9134485705669576
5eul	0.944023609161377	333	142	115	0.9420298875834108
5f1k	0.9794914722442628	333	163	123	0.9791420855572524
5f1o	0.970764696598053	333	196	128	0.9700107255793882
5f21	0.914355218410492	333	179	114	0.9109860327974868
5f7k	0.997206687927246	333	150	114	0.9976786009948974
5f7l	0.9815038442611694	333	171	121	0.9812477536803624
5f7m	0.9904477000236512	333	167	113	0.990606257882632
5f7n	0.9904029369354248	333	173	115	0.990559419521147
5f7w	0.9875293970108032	333	172	114	0.9875526586593754
5f7y	0.9916671514511108	333	169	114	0.9918822446171474
5f8q	0.9930972456932068	333	169	113	0.9933786398330048
5f8r	0.9866147637367249	333	160	113	0.9865956218324954
5f93	0.9871108531951904	333	176	114	0.9871147106242922
5f97	0.9905771017074584	333	186	115	0.9907416587917982
5f9a	0.9882423877716064	333	167	113	0.9882987045716034
5f9d	0.9849417209625244	333	174	114	0.984845014683998
5fhx	0.98788720369339	333	578	340	0.9879270537112984
5fuc	0.8597375154495239	333	142	106	0.8538361842028022
5fv2	0.953172206878662	333	154	116	0.9516026258358812
5fwo	0.8719691634178162	333	149	129	0.866634906806551
5g5r	0.9596846103668212	333	154	120	0.9584169525680356
5g5x	0.8537079095840454	333	166	118	0.8475270382003791
5gxb	0.939390242099762	333	177	131	0.9371817117777728
5h8d	0.9608370661735536	333	158	114	0.9596228376803018
5h8o	0.9145724177360536	333	117	107	0.9112133017578746
5hdo	0.925630748271942	333	175	127	0.9227843104523936
5hgg	0.9860520958900452	333	174	127	0.9860068679943886
5hm1	0.966662347316742	333	162	119	0.9657181862084632
5hvf	0.9653639197349548	333	188	118	0.9643595618854424
5hvg	0.9920799136161804	333	191	122	0.992314142957072
5hvh	0.9381277561187744	333	181	120	0.9358606953535208
5i0z	0.995356023311615	333	202	120	0.9957421372322516
5ihl	0.9732981324195862	333	154	116	0.97266161468266
5imk	0.9975698590278624	300	135	125	0.9980586091660396
5iml	0.9828225374221802	333	139	125	0.9826275831204336
5imm	0.9898817539215088	333	147	125	0.9900140738050024
5imo	0.9749085307121276	333	136	125	0.9743466730722752
5ip4	0.920843541622162	333	170	109	0.917775162861146
5ivo	0.9674901366233826	333	163	120	0.9665843528719829
5j1s	0.9866408109664916	333	159	120	0.9866228766447044
5j1t	0.9813041090965272	333	166	121	0.9810387585414329
5j56	0.9650959372520448	333	150	128	0.9640791553964458
5j57	0.7157809734344482	333	126	122	0.703205635234909
5ja8	0.9439504742622375	333	185	127	0.9419533620580552
5ja9	0.9259753823280334	333	190	121	0.923144922178234
5jds	0.9785945415496826	333	191	127	0.978203572023796
5jmo	0.9967259168624878	333	172	115	0.997175540776871
5jmr	0.976496160030365	333	199	116	0.976007906889204
5jqh	0.9877643585205078	333	198	117	0.987798513281178
5l21	0.978110671043396	333	200	119	0.9776972686702208
5lhn	0.9442600607872008	333	193	135	0.9422773014049964
5lhp	0.9683560132980348	333	194	135	0.9674903726819593
5lhq	0.9663504958152772	333	202	135	0.9653918768778514
5lhr	0.9554012417793274	333	161	116	0.953935001607457
5lmj	0.8417057991027832	333	175	123	0.8349684947312223
5lmw	0.988303244113922	333	187	120	0.988362382290746
5lwf	0.9692690968513488	333	122	112	0.9684457879410648
5lz0	0.9682050943374634	333	144	124	0.9673324569279246
5m13	0.9610813856124878	333	140	125	0.9598784840767424
5m14	0.980660915374756	333	150	125	0.9803657455470464
5m15	0.928974151611328	333	145	125	0.926282718189779
5m2i	0.9626628160476683	333	168	121	0.9615332316225736
5m2j	0.9487101435661316	333	180	115	0.9469336956373108
5m2m	0.9870176315307616	333	183	127	0.9870171670858602
5m2w	0.98325914144516	333	179	119	0.9830844286568884
5m30	0.9180552363395692	333	164	119	0.9148575882269688
5m7q	0.972676157951355	333	156	131	0.9720108046931852
5m94	0.9938644170761108	333	215	120	0.994181378249347
5m95	0.9840754866600036	333	222	120	0.9839386206660736
5mje	0.727870523929596	333	219	124	0.7158556725473394
5mp2	0.913590967655182	333	149	125	0.9101863504127194
5mwn	0.7981382012367249	333	199	117	0.7893810480482537
5my6	0.8871608376502991	333	187	115	0.8825308862274839
5n88	0.9789940118789672	333	192	126	0.9786215623016552
5nbd	0.803031861782074	333	169	123	0.7945015848720075
5nbl	0.9491904377937316	333	160	122	0.9474362569114064
5nbm	0.957578182220459	333	156	124	0.9562128677546148
5nlu	0.9835224151611328	333	180	118	0.9833599080745702
5nlw	0.9904352426528932	333	180	117	0.990593222972445
5nm0	0.9845311641693116	333	178	117	0.9844154239597522
5nml	0.9617710113525392	333	181	118	0.960600081736371
5nqw	0.9739335775375366	333	140	122	0.9733265198381744
5o02	0.9654589295387268	333	204	123	0.9644589764636142
5o03	0.9734064340591432	333	175	132	0.9727749373228972
5o04	0.6379884481430054	307	206	121	0.621806550301196
5o05	0.8663198351860046	333	203	115	0.8607236685887806
5o0w	0.9198307991027832	333	234	136	0.9167154683205452
5o2u	0.9526512622833252	333	173	116	0.951057529591702
5o8f	0.9489694833755492	333	203	125	0.9472050587675652
5ocl	0.99332857131958	333	185	115	0.9936206900073364
5ojm	0.9175154566764832	333	173	123	0.914292783697531
5omm	0.8181610703468323	333	133	88	0.810332202638032
5omn	0.890134334564209	333	186	113	0.8856422382107072
5ovw	0.9976259469985962	333	149	126	0.9981172974458764
5sv3	0.9473350644111632	333	147	125	0.945494866077446
5sv4	0.9473173022270204	333	176	128	0.9454762804160312
5td8	0.8793626427650452	333	151	105	0.8743711571864695
5tjw	0.9848774075508118	333	159	122	0.9847777196213584
5toj	0.978127419948578	333	168	123	0.977714794075783
5tok	0.9810569286346436	333	152	123	0.9807801184814088
5tp3	0.9688568711280824	333	164	125	0.968014450913062
5tsj	0.8414429426193237	333	130	117	0.8346934518894796
5u4l	0.9851768016815186	333	164	128	0.9850909940417832
5u4m	0.9980380535125732	333	131	127	0.9985485097378964
5u64	0.8982004523277283	300	148	126	0.8940823113727269
5u65	0.9531280994415284	333	207	127	0.9515564735223008
5uk4	0.9074599146842957	333	163	125	0.9037710540890614
5ukb	0.8535854816436768	333	204	122	0.8473989343461978
5usf	0.9892030954360962	333	208	120	0.9893039518557776
5vak	0.9425584077835084	333	175	119	0.940496757620663
5van	0.9836860299110411	333	147	122	0.983531108210757
5vaq	0.9939778447151184	333	150	120	0.9943000645368382
5vl2	0.9696568846702576	333	121	124	0.9688515540926242
5vlv	0.9425752758979796	333	145	124	0.940514407762208
5vm0	0.977700173854828	333	138	126	0.9772677403139663
5vm4	0.9421391487121582	333	183	130	0.940058061169684
5vm6	0.9838653802871704	333	172	129	0.9837187734966536
5vnv	0.8493360877037048	333	171	120	0.8429525331406744
5vnw	0.9712468385696412	333	177	120	0.970515220261215
5vxj	0.9809035062789916	333	221	118	0.9806195832717384
5vxk	0.9843848943710328	333	186	125	0.984262372909041
5vxl	0.9807825684547424	333	226	116	0.9804930386173404
5vxm	0.9764845967292786	333	180	125	0.9759958074988871
5wb1	0.8816560506820679	333	211	122	0.8767708903886763
5wb2	0.984664797782898	333	200	125	0.9845552529963024
5whz	0.839065670967102	333	500	341	0.8322059669234788
5wts	0.9984394907951356	106	168	114	0.9989685581594694
5y7z	0.986539661884308	333	207	124	0.986517038163426
5y80	0.9380035996437072	333	205	123	0.935730782827591
6apo	0.9889042377471924	300	181	115	0.9889912387472748
6app	0.972555696964264	333	157	115	0.9718847589827176
6apq	0.940442144870758	333	205	119	0.9382823820886738
6b20	0.9581191539764404	333	174	114	0.9567789196438794
6b73	0.9644784331321716	333	134	122	0.9634330230063204
6c5w	0.980092465877533	333	192	117	0.979770942013781
6c9w	0.9688361287117004	333	171	125	0.9679927468520808
6ck8	0.9959652423858644	333	160	124	0.9963796004715832
6cnw	0.8368372917175293	333	162	115	0.8298742771998076
6cwg	0.9692355394363404	333	138	127	0.9684106747619488
6cwk	0.8828854560852051	333	144	126	0.8780572925777428
6dba	0.7864567041397095	333	181	122	0.7771579820044333
6dbd	0.9574772119522096	333	193	114	0.9561072163773108
6dbe	0.9438692927360536	333	198	113	0.9418684168538708
6dbf	0.9830844402313232	333	167	121	0.9829016280743152
6dbg	0.9439862370491028	333	173	118	0.94199078285285
6do1	0.0437323600053787	333	28	58	0.0
6dyx	0.903412401676178	333	175	117	0.8995358932701554
6ehg	0.9884669184684752	333	172	124	0.988533644794924
6eqi	0.9503018260002136	333	143	124	0.9485991704776496
6ey0	0.9878715872764589	333	149	131	0.9879107132975714
6ey6	0.9971699118614196	333	144	130	0.9976401199442498
6ezw	0.9674652218818665	333	177	127	0.9665582830516092
6f0d	0.9953347444534302	333	170	127	0.9957198718593488
6f2g	0.9922548532485962	300	181	131	0.9924971930116104
6f2w	0.9914634227752686	300	176	128	0.9916690708227988
6fe4	0.9523849487304688	333	173	117	0.9507788694064624
6fpv	0.9567533731460572	333	203	121	0.9553498194906616
6fuz	0.9860904812812804	333	174	112	0.986047032980802
6fv0	0.9871698021888732	333	166	114	0.9871763925677124
6fys	0.931972861289978	333	161	127	0.9294204518333328
6fyt	0.9966445565223694	333	168	124	0.9970904084687126
6fyu	0.963863730430603	333	179	121	0.962789821911787
6fyw	0.8871715664863586	333	147	129	0.8825421124659223
6gci	0.968558669090271	333	210	124	0.9677024238524636
6gjq	0.9945191144943236	333	177	121	0.9948664282660592
6gjs	0.9489955902099608	333	212	117	0.9472323759477654
6gju	0.9555293917655944	333	207	118	0.9540690927888056
6gk4	0.8335275053977966	333	235	122	0.8264110450095293
6gkd	0.9899278879165648	333	210	122	0.9900623466302878
6gs1	0.966866135597229	333	194	125	0.9659314223708028
6gs4	0.922775149345398	333	204	125	0.9197963223560108
6gs7	0.9747215509414672	333	198	125	0.974151024683489
6gwn	0.9951833486557008	333	191	115	0.9955614571613836
6gwp	0.9977846145629884	333	190	115	0.9982833210387831
6gwq	0.9965757131576538	270	178	115	0.9970183734387325
6gzp	0.9964191913604736	333	192	121	0.9968545950935132
6h02	0.9891464710235596	333	179	123	0.989244702264019
6h15	0.9814046025276184	333	159	123	0.9811439109748066
6h16	0.9151121973991394	333	147	119	0.9117781062873124
6h1f	0.9810953140258788	333	190	127	0.9808202834678218
6h6y	0.8877264857292175	333	205	118	0.8831227584651568
6h6z	0.9788318276405334	333	159	126	0.9784518589972602
6h70	0.9939443469047546	333	180	126	0.9942650137257136
6h71	0.9607577919960022	333	201	121	0.9595398882518396
6h72	0.9897342920303344	333	197	120	0.9898597753944648
6h7j	0.8823859691619873	333	199	119	0.8775346488104405
6h7l	0.9832207560539246	333	231	120	0.9830442636704751
6h7m	0.9556429982185364	333	184	120	0.9541879661802708
6h7n	0.9354867339134216	333	209	120	0.9330972320259074
6h7o	0.8147019147872925	333	217	120	0.8067126762614936
6hd9	0.9496376514434814	332	635	461	0.9479042039503168
6heq	0.9018527269363404	333	209	122	0.8979039100411578
6her	0.9532828330993652	333	215	124	0.9517183808277802
6hhd	0.9436511993408204	333	177	123	0.9416402123736132
6hhu	0.9293990135192872	333	198	119	0.9267272772319426
6hjx	0.9628221392631532	333	166	122	0.961699941263385
6hjy	0.8678747415542603	333	176	124	0.8623506623784722
6i2g	0.9830303192138672	333	210	121	0.982844997938192
6i6j	0.9460347294807434	300	210	121	0.9441342459787028
6i8g	0.9834809303283693	333	175	126	0.9833164999526082
6i8h	0.8926188349723816	333	160	116	0.8882419231931015
6ibb	0.9528661966323853	333	162	133	0.9512824285684192
6ibl	0.9251735806465148	333	205	120	0.9223059479589318
6ir1	0.9038756489753724	333	165	123	0.9000206172987322
6ir2	0.939313530921936	333	157	124	0.9371014441729376
6itp	0.9313034415245056	333	165	125	0.9287199969227632
6itq	0.9471052289009094	333	157	125	0.9452543751028974
6j7w	0.993726372718811	333	159	118	0.9940369339814388
6jb2	0.9037739634513856	333	163	126	0.899914217505532
6jb5	0.942992627620697	333	174	126	0.9409511084374648
6jb8	0.994237780570984	333	146	125	0.994572051347006
6jb9	0.9744009971618652	333	165	127	0.973815609626144
6jri	0.993599534034729	333	114	119	0.9939042148958992
6jsz	0.96246337890625	333	140	111	0.9613245483236006
6knm	0.8170227408409119	333	162	129	0.8091410987397097
6ksn	0.7914584279060364	333	168	131	0.7823915919964591
6lmk	0.9299468398094176	333	242	128	0.9273005014402096
6lr7	0.9574639797210692	333	199	125	0.9560933706832364
6lz2	0.9827983379364014	333	142	113	0.9826022617159558
6mxt	0.9528585076332092	300	213	122	0.9512743830975384
6n48	0.9777260422706604	333	201	120	0.9772948080222014
6n4y	0.9967594742774964	333	144	123	0.9972106539559868
6n50	0.9676162004470824	333	153	123	0.966716261173635
6nfj	0.8535470366477966	333	116	111	0.8473587069917933
6o3c	0.985580325126648	333	148	122	0.9855132253430524
6o89	0.9854309558868408	333	553	342	0.9853569311567923
6o8d	0.982676923274994	300	526	343	0.9824752181176272
6obc	0.9867326617240906	333	244	119	0.986718985719336
6obe	0.9293305277824402	333	192	115	0.9266556164099105
6obg	0.7705979943275452	333	215	116	0.7605640423925839
6obm	0.9257258176803588	333	176	117	0.9228837873985568
6obo	0.9080048203468324	333	200	120	0.9043412222657532
6oc8	0.9438011646270752	333	223	120	0.9417971302397864
6oca	0.9712788462638856	333	160	138	0.9705487118725564
6ocd	0.8820688128471375	333	160	114	0.8772027887286009
6oq5	0.8233881592750549	333	185	116	0.8158016260052571
6oq6	0.9982356429100036	333	199	127	0.9987552596291384
6oq7	0.805953860282898	333	187	109	0.7975590509107262
6oq8	0.9697965979576112	333	184	116	0.9689977446642896
6os0	0.8989393711090088	333	179	126	0.8948554873611811
6os1	0.9108956456184388	333	156	127	0.9073660698450092
6os2	0.8418170213699341	333	157	126	0.8350848734030345
6oyh	0.9466104507446288	333	157	125	0.9447366584069098
6oyz	0.9686398506164552	333	144	123	0.967787369056648
6oz6	0.9481112360954284	333	140	124	0.9463070220604785
6q6z	0.9758273363113404	333	157	116	0.975308075658548
6qd6	0.8953132629394531	333	111	108	0.8910612682409418
6qfa	0.9731769561767578	333	155	121	0.9725348205562966
6qgw	0.9755473732948304	333	194	122	0.975015133203295
6qgx	0.9908025860786438	333	119	123	0.9909775969029802
6qgy	0.9902999997138976	333	141	121	0.990451710000129
6qkd	0.9110690355300904	333	272	221	0.9075474983317732
6qpg	0.8655633926391602	333	177	121	0.8599321564108767
6qtl	0.9677700400352478	333	156	119	0.9668772329592444
6qup	0.9303882122039796	333	175	117	0.92776233641597
6quz	0.8266221880912781	333	160	124	0.8191855884785614
6qv0	0.9422073364257812	333	178	124	0.9401294101517595
6qv1	0.987699329853058	333	135	115	0.9877304698026426
6qv2	0.8345685005187988	333	174	129	0.827500301978018
6qx4	0.972138524055481	333	180	123	0.9714482454114348
6r7t	0.9504486322402954	300	178	123	0.948752782840283
6rbb	0.9928649067878724	333	141	116	0.9931355294028203
6rnk	0.9829619526863098	333	171	129	0.9827734618521424
6rpj	0.8982095122337341	333	177	125	0.8940917913074082
6rqm	0.9243621230125428	333	137	128	0.9214568701250352
6rtw	0.7679296731948853	333	196	124	0.7577720145249439
6rty	0.8762786388397217	333	164	119	0.8711441749473299
6ru3	0.9749241471290588	333	179	124	0.9743630134860024
6ru5	0.986084520816803	333	171	126	0.9860407961816694
6ruv	0.953432559967041	333	172	124	0.9518750492219882
6rvc	0.9596114158630372	333	170	122	0.9583403646746886
6s0y	0.977493703365326	333	201	120	0.977051697592017
6sc5	0.94010591506958	333	149	120	0.9379305642496102
6sc6	0.9462894201278688	333	161	119	0.944400744405634
6sc7	0.9342174530029296	333	148	120	0.9317691056506444
6sc8	0.940587878227234	333	151	119	0.9384348718274632
6sc9	0.958429217338562	333	144	119	0.9571033579347512
6sge	0.9170278310775756	333	155	134	0.9137825511605022
6ssi	0.9110424518585204	333	187	112	0.9075196822076422
6ssp	0.93606299161911	333	149	124	0.9337002057660362
6t2j	0.8530423641204834	333	147	120	0.8468306372092457
6tej	0.9640250205993652	333	149	121	0.962958589696312
6tyl	0.8725239634513855	333	189	111	0.8672154280698028
6u12	0.9281688332557678	333	197	120	0.9254400642589888
6u14	0.9341813921928406	333	172	118	0.9317313730158928
6u50	0.6771591901779175	333	209	114	0.6627932973681036
6u51	0.8899056911468506	333	203	119	0.885402994595985
6u52	0.7787221074104309	333	202	118	0.7690647996101626
6u53	0.9670345783233644	333	146	122	0.9661076743142868
6u54	0.9089760780334472	333	153	112	0.905357508684392
6u55	0.9167171716690063	333	194	116	0.913457489189717
6uc6	0.9449858665466307	333	147	126	0.9430367564353592
6uft	0.971564769744873	333	174	128	0.9708478911269416
6ui1	0.8030511140823364	333	183	123	0.7945217297332055
6ul4	0.983373522758484	333	174	125	0.9832041128322409
6ul6	0.9361140727996826	333	162	114	0.9337536551346016
6v7y	0.9928959012031556	333	127	126	0.9931679607583094
6v7z	0.9340170621871948	333	186	117	0.9315594244638103
6v80	0.9120146036148072	333	179	117	0.9085369041461508
6vbg	0.9889990091323853	333	209	121	0.9890904038534812
6vcb	0.9336122870445251	333	218	128	0.9311358834347232
6vi4	0.9941989183425904	333	220	118	0.994531387416662
6vn7	0.9652143716812134	333	204	128	0.9642030805952084
6waq	0.9618932604789734	333	159	125	0.9607279984865784
6war	0.9743502140045166	333	182	124	0.9737624720975352
6wi9	0.966382384300232	333	216	126	0.9654252437532104
6wpw	0.819712221622467	333	231	128	0.8119552672442701
6wzg	0.9923155307769777	333	219	126	0.9925606836267792
6x02	0.7270262837409973	333	121	90	0.714972292318214
6x03	0.7752264142036438	333	94	87	0.7654070416549421
6x04	0.7992696762084961	333	169	116	0.7905649796275735
6x05	0.9566348195075988	333	185	120	0.9552257695559164
6x06	0.7101539969444275	333	145	121	0.6973177850138854
6x07	0.9904251098632812	333	164	117	0.99058262041392
6x08	0.8169021606445312	333	132	125	0.8090149282932595
6x18	0.968200147151947	333	189	126	0.9673272803846448
6x19	0.980382800102234	333	209	126	0.9800747364995244
6x1a	0.9607832431793212	333	193	126	0.9595665193841354
6xux	0.9716888666152954	333	110	121	0.97097774128488
6xv8	0.9233797788619996	333	88	125	0.92042898326001
6xvi	0.9865731596946716	333	112	112	0.9865520889745506
6xw4	0.9235216379165648	333	169	122	0.9205774190793632
6xw5	0.9136937260627748	333	180	120	0.9102938728297636
6xw6	0.9309453964233398	333	160	126	0.9283453523988748
6xw7	0.9830482006072998	333	180	117	0.9828637083355896
6xxn	0.929626166820526	333	145	124	0.9269649616468816
6xxo	0.8684019446372986	333	190	126	0.8629023072617407
6xxp	0.9714558720588684	333	193	125	0.9707339448067912
6xyf	0.9852450489997864	333	143	119	0.98516240539185
6xym	0.7211769223213196	333	145	128	0.7088517471215574
6xzf	0.9663928151130676	333	187	123	0.965436158151692
6xzu	0.9139339923858644	300	179	120	0.910545278202794
6y0e	0.9784591794013976	333	194	127	0.9780619343154972
6y1r	0.943489134311676	333	136	129	0.9414706338052008
6yo6	0.9759477376937866	222	155	124	0.975434059001024
6ysq	0.9705703258514404	333	147	124	0.9698073435596778
6yu8	0.8857905864715576	333	158	122	0.8810971084749166
6yz5	0.923879086971283	333	169	127	0.9209514399233384
6yz7	0.9240816235542296	333	187	127	0.9211633663578604
6z10	0.9495766162872314	333	163	128	0.9478403391272002
6z1v	0.8871628642082214	333	114	121	0.8825330067391889
6z1z	0.9698222279548644	333	157	115	0.9690245629005594
6z20	0.9860141277313232	333	159	120	0.9859671395839148
6z3x	0.9840875864028932	333	153	120	0.9839512813683126
6z6v	0.9698430299758912	333	168	123	0.9690463293295318
6zbp	0.9527037143707277	333	154	128	0.9511124134240676
6zbv	0.9505507349967957	333	178	120	0.9488596192094224
6zcz	0.9856171607971193	333	169	125	0.9855517687616911
6ze1	0.9787701964378356	333	183	122	0.9783873704942304
6zg3	0.9972948431968688	333	138	125	0.9977708432540668
6zhd	0.96772301197052	333	187	128	0.9668280246140892
6zpl	0.8853501081466675	333	188	120	0.8806362090190258
6zqk	0.9377496242523192	333	728	441	0.9354650328165558
6zrv	0.981572687625885	333	139	123	0.9813197887103426
6zwk	0.9296107292175292	333	174	128	0.9269488083371286
6zxn	0.933227837085724	333	175	118	0.9307336098906778
7a17	0.951962113380432	333	207	119	0.9503364308760038
7a25	0.9873173236846924	333	193	114	0.9873307533462417
7a29	0.9989116191864014	333	171	114	0.9994625750187536
7a48	0.9350839257240297	177	147	116	0.932675749140534
7a4d	0.966919243335724	333	128	118	0.9659869922510732
7a4t	0.944589614868164	333	201	121	0.9426221340290316
7a4y	0.7803574800491333	333	156	116	0.7707759901881429
7a50	0.8862026333808899	333	178	124	0.8815282583989453
7a5v	0.8825715780258179	333	162	121	0.8777288627354262
7a6o	0.9617099761962892	333	149	128	0.9605362169132544
7aej	0.9928354024887084	333	214	121	0.9931046572471146
7anq	0.8644852638244629	333	154	126	0.8588040441837926
7apj	0.9176806211471558	333	194	117	0.914465605401492
7aqg	0.9967713952064514	333	127	121	0.9972231275542518
7aqx	0.9243988990783693	333	194	116	0.9214953511756826
7aqy	0.8494583368301392	333	167	126	0.8430804498908817
7aqz	0.5981640219688416	333	119	93	0.5801358134734289
7ar0	0.9973323345184326	333	137	125	0.9978100727206102
7azb	0.9918037056922911	333	144	112	0.9920251296852726
7b14	0.953546404838562	333	179	129	0.9519941720854186
7b17	0.8715731501579285	333	300	250	0.8662205338721887
7b18	0.8332453370094299	333	172	129	0.8261157949385974
7b27	0.9771474599838256	333	230	125	0.976689401930411
7b2m	0.8327460885047913	333	172	112	0.8255934006432604
7b2p	0.854720950126648	333	176	119	0.8485870445809365
7b2q	0.929839253425598	333	131	116	0.927187927215868
7b5g	0.9647336006164552	333	173	123	0.963700020377182
7bb6	0.9791004061698914	333	199	128	0.97873288916617
7bb7	0.7629783749580383	333	172	128	0.7525911678535789
7bc6	0.8471635580062866	333	176	117	0.8406792822248745
7bc7	0.9537452459335328	333	172	117	0.9522022317044784
7bnp	0.7220985293388367	333	131	116	0.7098160810034224
7bnw	0.9926166534423828	333	174	120	0.9928757667189524
7bts	0.8546856641769409	333	185	120	0.8485501227300721
7bu6	0.9524889588356018	333	178	120	0.9508877015513244
7bu7	0.919806957244873	333	177	120	0.9166905211240152
7bw0	0.9776296019554138	333	225	128	0.9771938966122378
7bz2	0.9091367721557616	300	224	127	0.9055256527890038
7c2e	0.998289167881012	268	218	126	0.998811266085348
7c8v	0.9994252324104308	333	179	119	1.0
7c8w	0.9671704173088074	333	194	120	0.9662498109665164
7can	0.876833438873291	333	192	117	0.8717246962105817
7cfm	0.9953259825706482	333	212	127	0.995710703764624
7cfn	0.9948543310165404	333	222	128	0.9952171858492704
7ckw	0.9669902324676514	333	177	128	0.9660612725287412
7ckx	0.8896948099136353	333	227	128	0.8851823366426776
7cky	0.9217668771743774	333	225	128	0.9187413054147594
7ckz	0.9333807826042176	333	213	128	0.9308936461564172
7crh	0.9324657917022704	333	218	128	0.9299362351215894
7cx2	0.9650641679763794	333	223	128	0.9640459132570696
7cx3	0.9613584876060486	333	201	128	0.9601684328684116
7cx4	0.9798746109008788	333	226	128	0.9795429870054888
7cz0	0.9578619003295898	333	170	115	0.9565097393933212
7cz5	0.9552781581878662	333	215	126	0.9538062117053712
7czd	0.9190486669540404	333	174	116	0.9158970755383804
7d2z	0.990962028503418	333	153	114	0.991144431279774
7d3s	0.9662954211235046	333	218	128	0.9653342488538672
7d4b	0.9046215415000916	333	182	126	0.9008010903421716
7d5b	0.9965922832489014	333	162	112	0.9970357117403208
7d5p	0.9471449255943298	333	184	131	0.9452959121851198
7d5q	0.8210791945457458	333	160	131	0.8133856147573145
7d5u	0.9646764993667604	333	167	113	0.9636402718414928
7d68	0.9921982884407043	333	218	126	0.9924380057878432
7d6y	0.8377924561500549	333	196	134	0.8308737242607884
7d7m	0.9609391689300536	333	193	128	0.9597296740494412
7d8b	0.9809800386428832	333	189	132	0.9806996637725997
7dge	0.9562293887138368	333	154	123	0.9548015424789248
7dh5	0.9948457479476928	333	199	128	0.9952082048585196
7dhi	0.975674033164978	300	204	126	0.9751476651848604
7dhr	0.9544415473937988	333	195	123	0.9529308145791354
7djx	0.9668161273002625	333	173	127	0.9658790956260812
7djy	0.9767348170280457	333	143	122	0.9762576283264688
7dss	0.8796361684799194	333	185	126	0.8746573638986593
7dst	0.9677211046218872	333	176	117	0.9668260288383668
7dty	0.9897781014442444	333	207	129	0.9899056158680885
7duq	0.9787607789039612	333	239	126	0.978377516351601
7dur	0.9898417592048644	333	192	126	0.9899722248828234
7dv4	0.8460304141044617	333	150	119	0.8394936043417977
7e14	0.9992546439170836	130	209	126	0.9998215028088282
7e53	0.8239747881889343	333	153	126	0.8164154517758763
7e6u	0.8488622903823853	333	171	123	0.8424567699776331
7eh3	0.8951005339622498	333	187	129	0.8908386768799034
7eow	0.9810450077056884	333	164	128	0.9807676448831436
7epb	0.8876004815101624	333	185	118	0.882990912531496
7ept	0.9243995547294616	333	216	126	0.9214960372235872
7evm	0.953371524810791	333	214	126	0.9518111843988716
7f07	0.9891803860664368	333	163	128	0.9892801896510828
7f0t	0.9528648853302002	333	231	128	0.9512810564726102
7f16	0.9731428623199464	333	216	128	0.9724991460652588
7f1g	0.9628111720085144	333	153	112	0.9616884655529812
7f1o	0.9577994346618652	333	209	128	0.9564443777384128
7f23	0.9890380501747132	333	211	128	0.989131254887799
7f4d	0.994013786315918	333	216	127	0.9943376724356072
7f4h	0.8920223116874695	333	215	127	0.8876177443359222
7f53	0.9786651134490968	333	229	126	0.9782774157255246
7f54	0.943592131137848	333	197	126	0.94157840569421
7f55	0.9972834587097168	333	235	126	0.9977589309677236
7f58	0.947161078453064	333	215	126	0.9453128139107688
7f5g	0.941386342048645	333	195	117	0.9392703534392508
7f5h	0.9445069432258606	333	153	120	0.942535629625064
7f9y	0.9885167479515076	333	201	128	0.9885857844356716
7fat	0.9054794311523438	333	174	132	0.9016987528413104
7fau	0.9787653684616088	333	217	126	0.978382318686933
7fg2	0.9298635721206664	333	144	116	0.9272133733563286
7fg3	0.8212489485740662	333	171	116	0.8135632387966077
7fh0	0.9258801341056824	333	311	246	0.9230452581280968
7fig	0.9632195234298706	333	235	128	0.9621157486615478
7fim	0.9926244616508484	333	217	126	0.992883936925816
7fin	0.9689322113990784	333	199	129	0.9680932840540966
7fiy	0.9753868579864502	333	217	129	0.9748471762026572
7jhg	0.9443880915641784	333	166	120	0.9424112678503624
7jjo	0.9825570583343506	333	229	128	0.9823497960870728
7jkb	0.9152398705482484	333	278	226	0.9119116985247304
7joz	0.9750904440879822	333	237	128	0.9745370201817988
7jv5	0.9743302464485168	333	199	128	0.9737415788204412
7jvb	0.9840635657310486	333	169	117	0.9839261470678088
7jvp	0.9790123105049132	333	223	128	0.978640709274992
7jvq	0.9940255284309388	333	198	128	0.994349958929898
7k65	0.909574568271637	333	181	115	0.905983745685285
7k7y	0.9851765036582948	333	141	123	0.9850906822018264
7k84	0.9712350368499756	333	135	122	0.9705028713989328
7kbi	0.8625943064689636	333	156	126	0.8568254196590114
7kbk	0.7989750504493713	333	155	122	0.7902566946464548
7kc9	0.8376978039741516	333	114	109	0.8307746838905645
7kd0	0.900230348110199	333	176	116	0.8962063156852863
7kd2	0.9768695831298828	333	187	115	0.9763986423548544
7kdm	0.869951605796814	333	103	109	0.8645238126681958
7kdu	0.3590417802333832	333	99	92	0.3299275628523957
7kgj	0.9160037040710448	333	231	121	0.9127109443335584
7kgk	0.9387114644050598	333	168	119	0.9364714650925652
7kh0	0.977046549320221	333	208	126	0.976583812921098
7ki0	0.9840357303619384	333	215	126	0.98389702121586
7ki1	0.997202455997467	333	206	126	0.9976741728675133
7kjh	0.9260109066963196	333	178	126	0.9231820935010636
7kji	0.9215185046195984	333	202	117	0.9184814179949088
7kkj	0.9439197778701782	333	114	115	0.9419212425425229
7kkk	0.9794468879699708	333	133	118	0.9790954342997414
7kkl	0.8875819444656372	333	176	118	0.882971516086194
7klw	0.8655490875244141	333	209	120	0.8599171880929588
7km5	0.871390700340271	333	179	118	0.8660296254507432
7kn5	0.6335030794143677	333	168	128	0.6171132342180176
7kn6	0.8253332376480103	333	152	121	0.8178368806661612
7kqy	0.9617084860801696	333	322	203	0.9605346577134712
7ksg	0.972809672355652	333	176	129	0.9721505089937528
7l6v	0.9923923015594482	333	185	117	0.9926410135996055
7ldj	0.888921856880188	333	164	130	0.8843735485311769
7ljc	0.9797841906547546	333	197	127	0.9794483747626488
7ljd	0.959457278251648	333	213	128	0.9581790810491224
7lll	0.9326694011688232	333	220	128	0.9301492841799552
7lly	0.9535124897956848	333	218	128	0.9519586846983548
7lpn	0.9935941696166992	333	180	120	0.99389860177668
7lvu	0.9827970862388612	333	172	123	0.982600951988138
7lvw	0.958664894104004	333	168	121	0.9573499609724498
7lx5	0.982109010219574	333	173	129	0.9818809758962838
7lzp	0.9991812705993652	333	119	106	0.9997447278115074
7m1h	0.8334861993789673	333	164	123	0.8263678239915412
7m74	0.9679855704307556	333	171	120	0.9671027556158752
7mbx	0.9928981065750122	333	202	128	0.9931702683739884
7mdw	0.8260685205459595	333	140	117	0.8186062522071448
7me7	0.9182345867156982	333	140	124	0.9150452535128654
7mej	0.5330320000648499	333	134	117	0.5119841888410472
7mfu	0.9875977635383606	333	170	115	0.987624194745425
7mfv	0.9983511567115784	333	146	116	0.998876128796326
7mjh	0.8750298023223877	333	200	125	0.8698374407930913
7mji	0.9529588222503662	333	174	125	0.9513793484269382
7my2	0.9249293208122252	333	180	120	0.9220503639304826
7my3	0.913637638092041	333	157	120	0.9102351845499268
7n0g	0.9754660725593568	333	209	121	0.974930063263128
7n0h	0.97175794839859	333	215	121	0.9710500257868256
7n0i	0.9388613104820251	333	209	128	0.9366282582227556
7n0r	0.8868166208267212	333	150	123	0.8821707110775828
7n4n	0.9688502550125122	333	172	112	0.9680075280660247
7n9a	0.9952910542488098	333	153	117	0.9956741561217076
7n9b	0.990875244140625	333	152	117	0.9910536234844052
7n9c	0.9438877701759338	333	167	126	0.9418877509311814
7n9e	0.9926922917366028	333	177	121	0.9929549116999437
7n9t	0.9848090410232544	333	132	119	0.9847061835353088
7n9v	0.9125809669494628	333	173	113	0.9091295247997196
7na9	0.9711317420005798	333	166	129	0.9703947876699666
7nbb	0.9650043249130248	333	166	118	0.9639832957937796
7ndf	0.9759677052497864	333	162	113	0.975454952278118
7nfq	0.9870344996452332	333	198	116	0.987034817227405
7nfr	0.984396994113922	333	176	119	0.98427503361128
7nft	0.9681634902954102	333	179	120	0.9672889240699798
7ngh	0.9473140239715576	333	191	115	0.9454728501765084
7nik	0.9199318885803224	333	117	99	0.9168212444338322
7nil	0.939052939414978	333	134	100	0.9368287713148652
7nir	0.8891832232475281	333	134	96	0.8846470321731364
7nis	0.984697699546814	333	116	95	0.9845896801275138
7nj3	0.9690088033676147	333	134	95	0.968173426922949
7nj4	0.965882420539856	333	139	98	0.9649021010419774
7nj5	0.9532977342605592	333	142	100	0.9517339728256112
7nj7	0.904312252998352	333	153	97	0.9004774628351868
7nk1	0.8728408813476562	333	133	91	0.8675470386796771
7nk2	0.9587895274162292	333	119	94	0.95748037244231
7nk4	0.922976553440094	333	115	92	0.9200070637986976
7nk6	0.9738553166389464	333	139	93	0.9732446306655648
7nk8	0.9000918865203857	333	178	121	0.8960614348414386
7nka	0.7809731364250183	333	151	96	0.7714201891705373
7nkc	0.9669950008392334	333	124	95	0.9660662619680472
7nki	0.7674779295921326	333	124	94	0.7572993275186928
7nkr	0.8270851373672485	333	118	94	0.8196700006671815
7nkt	0.9846866726875304	333	128	125	0.9845781420491188
7nll	0.9503324031829834	333	170	133	0.9486311652571996
7nmu	0.9576719403266908	333	152	128	0.956310972604969
7now	0.9239221811294556	333	168	127	0.9209965319810663
7noz	0.9985002279281616	333	157	124	0.9990321111426296
7np9	0.9033010601997375	333	194	122	0.8994193898623606
7nqa	0.9917379021644592	333	245	123	0.99195627542285
7nqk	0.8136079907417297	333	207	123	0.8055680365167084
7ns6	0.9922230839729308	333	176	133	0.9924639508722344
7nvl	0.8108360767364502	333	191	104	0.8026676130801457
7nvm	0.8062058687210083	333	196	119	0.7978227427780478
7nvn	0.8679656386375427	333	209	109	0.8624457735652427
7nx0	0.7473037838935852	333	171	120	0.736189882966932
7nxx	0.907621204853058	333	162	134	0.9039398218735866
7o06	0.8776994943618774	333	218	124	0.872630903124532
7o0s	0.8971046209335327	333	158	115	0.8929356758522192
7o31	0.9325338006019592	333	179	123	0.9300073969996911
7o3b	0.9744886755943298	333	187	119	0.9739073529413828
7oan	0.9264127016067504	333	175	121	0.9236025161305844
7oao	0.876616895198822	333	181	121	0.8714981132980985
7oap	0.992357850074768	333	128	127	0.9926049649006198
7oaq	0.9189900159835817	333	153	124	0.9158357054349168
7oau	0.921207308769226	333	161	122	0.9181557947122015
7oay	0.922124207019806	333	162	125	0.919115201522752
7obf	0.9594143629074096	333	116	125	0.9581341760953688
7ocj	0.9012408256530762	333	177	115	0.8972636402422167
7ocy	0.9423470497131348	333	190	108	0.9402756007234252
7olz	0.9492765069007874	333	162	122	0.9475263162908796
7om4	0.942634642124176	333	194	130	0.9405765262815676
7om5	0.9651651382446288	333	208	130	0.964151564634374
7omn	0.9347365498542786	333	175	124	0.9323122684870928
7on5	0.6825318932533264	333	165	124	0.6684150857381352
7ooi	0.8780887722969055	333	180	124	0.8730382284758745
7ozt	0.982008934020996	333	169	122	0.9817762600388492
7p16	0.961135983467102	333	143	125	0.959935613156796
7p2d	0.964666485786438	333	171	120	0.9636297940189502
7p5v	0.991956353187561	333	152	114	0.9921848541110556
7p5w	0.9823606610298156	333	189	120	0.9821442935556574
7p5y	0.9370299577713012	333	192	120	0.9347120016892996
7p60	0.8894486427307129	333	180	124	0.884924756838506
7p6k	0.9463593363761902	333	174	114	0.944473902059458
7p77	0.9765947461128236	333	195	114	0.9761110635468556
7p78	0.9896621704101562	333	194	114	0.9897843101249616
7p79	0.9920376539230348	333	186	114	0.9922699240512226
7p7a	0.9266216158866882	333	153	124	0.923821115940178
7pa5	0.9561529159545898	333	147	121	0.9547215243460548
7paf	0.9426757097244264	333	100	112	0.9406194978275904
7pbd	0.9425868391990662	333	105	107	0.940526507152525
7pbz	0.876426637172699	333	119	107	0.8712990346697894
7pc0	0.9418224096298218	333	97	107	0.9397266376637836
7ph2	0.8908517360687256	333	167	111	0.8863928993542932
7ph3	0.9630123376846312	333	179	113	0.9618989575237026
7ph4	0.991031289100647	333	171	113	0.9912169028856936
7ph7	0.9252824187278748	333	169	111	0.9224198319110912
7php	0.9065945744514464	333	159	120	0.9028655955910072
7phq	0.9258970022201538	333	199	121	0.9230629082696415
7pij	0.9750643968582152	333	148	120	0.9745097653695896
7piu	0.9730643630027772	333	210	128	0.972417007420684
7piv	0.9943678975105286	333	211	128	0.994708200672068
7pqg	0.8906195163726807	333	178	124	0.8861499136600917
7pqq	0.9423439502716064	333	130	119	0.9402723575878762
7q1u	0.7577300071716309	333	213	119	0.7470994791134509
7q3q	0.9295374155044556	333	179	127	0.9268720957077988
7q3r	0.9872409105300904	333	198	127	0.987250797581363
7q6c	0.9061606526374816	333	182	122	0.9024115566141622
7q6z	0.9236489534378052	333	201	110	0.9207106371088332
7qbd	0.8501256704330444	333	167	114	0.8437787219217548
7qbe	0.9732625484466552	333	141	123	0.9726243809918392
7qbf	0.9953534603118896	333	157	125	0.9957394554086249
7qbg	0.9947144389152528	333	160	125	0.9950708081736308
7qcq	0.9826182723045348	333	133	110	0.9824138480141634
7qe5	0.8913866281509399	333	165	124	0.8869525897084426
7qha	0.945198655128479	333	90	103	0.9432594101643892
7qia	0.6497053503990173	333	164	121	0.6340666629318634
7qic	0.6174942255020142	333	145	121	0.6003621896360208
7qiv	0.9787009358406068	333	172	124	0.9783148988883108
7qji	0.7597746253013611	333	154	121	0.7492388883198676
7qjj	0.6957462430000305	333	161	121	0.6822420694148571
7qn5	0.9129120111465454	333	175	121	0.909475916623538
7qn6	0.9722604155540466	333	143	121	0.971575787953694
7qn7	0.916414439678192	333	169	121	0.913140722161778
7qn8	0.8882275819778442	333	189	121	0.8836470861682248
7qn9	0.9268839359283448	333	160	121	0.9240955974699988
7qna	0.8899695873260498	333	173	121	0.8854698530826853
7qnb	0.9658450484275818	333	161	121	0.9648629963114168
7qnc	0.9031987190246582	333	160	121	0.8993123040212557
7qnd	0.8546913266181946	333	163	121	0.848556047689248
7qne	0.9759018421173096	333	156	123	0.975386035647704
7r1z	0.9447115063667296	333	204	118	0.9427496765712908
7r20	0.9145371913909912	333	160	115	0.9111764422750016
7r23	0.949696958065033	333	190	118	0.947966260101685
7r24	0.9890031218528748	333	144	125	0.9890947072448826
7r4i	0.8733221888542175	333	141	125	0.8680506602096254
7r4q	0.9256860017776488	333	214	120	0.9228421255803516
7r4r	0.9151171445846558	333	178	119	0.9117832828305924
7r63	0.996401309967041	333	189	128	0.9968358846961158
7r73	0.997445583343506	333	183	126	0.9979285719041272
7r74	0.9170219898223876	333	185	118	0.9137764390973524
7r98	0.9966130256652832	333	186	128	0.9970574158013016
7r9d	0.9189258217811584	333	142	113	0.9157685351082598
7rby	0.9813336730003356	333	137	130	0.98106969306513
7rg7	0.971535623073578	333	159	124	0.970817393179184
7rg9	0.921488642692566	333	196	128	0.918450171631255
7rga	0.9372926354408264	333	142	124	0.934986857427068
7ri1	0.8716021776199341	333	172	122	0.8662509070839638
7ri2	0.991209864616394	333	185	127	0.9914037573877028
7rmg	0.9349730014801024	333	154	109	0.9325596823086784
7rmh	0.989594578742981	333	142	109	0.9897135848227993
7rmi	0.9635473489761353	333	148	109	0.9624587726138346
7rnn	0.9929253458976746	333	156	116	0.9931987705460238
7rtb	0.9751911163330078	333	216	126	0.9746423597191464
7s1m	0.9883606433868408	333	219	128	0.988422442666392
7s2r	0.8686129450798035	333	176	136	0.8631230899510307
7s2s	0.9139592051506042	333	149	126	0.9105716598631244
7s3i	0.9883228540420532	333	224	128	0.988382901359892
7sah	0.9907130599021912	333	180	125	0.9908839201800104
7sai	0.9483354687690736	333	197	126	0.9465416504438426
7saj	0.9763392806053162	333	159	124	0.9758437543360372
7sak	0.9007135629653931	333	141	118	0.896711932990957
7sal	0.818369448184967	333	196	120	0.8105502411357036
7sl8	0.9281774759292604	333	195	118	0.9254491076177308
7sl9	0.8098256587982178	300	156	122	0.8016103508912066
7sla	0.8349164128303528	333	206	117	0.8278643439433813
7sp6	0.9938244223594666	333	159	123	0.994139529327168
7sp7	0.705421507358551	333	159	118	0.692365891238674
7sp8	0.982180655002594	333	149	124	0.9819559422218562
7sp9	0.9267709851264954	333	145	117	0.9239774101264382
7spa	0.9734445810317992	333	163	123	0.9728148528373451
7sqp	0.9775779247283936	333	157	116	0.9771398235637592
7sr0	0.9910366535186768	333	163	115	0.991222516004913
7sr3	0.9854558706283568	333	140	112	0.985383000977166
7sr4	0.9922760128974916	333	137	112	0.9925193336485308
7sr5	0.9872682094573976	333	148	113	0.98727936212139
7srk	0.958918035030365	333	173	115	0.9576148378316064
7ssh	0.978098213672638	333	140	115	0.9776842337600338
7ssz	0.8754547238349915	333	151	115	0.8702820622032462
7st3	0.9664248824119568	333	139	115	0.965469712131025
7stg	0.9534451961517334	333	167	115	0.951888271236149
7t5f	0.8986985683441162	333	165	114	0.8946035206762287
7t83	0.9821056723594666	333	181	119	0.9818774832887696
7t84	0.9193487167358398	333	164	117	0.9162110360067096
7t9i	0.9544967412948608	333	231	126	0.9529885673391022
7te8	0.767630398273468	333	194	119	0.7574588648405017
7tgf	0.9585506916046144	333	154	128	0.9572304639010714
7tgi	0.9951563477516174	333	138	114	0.9955332044613134
7th2	0.9670140743255616	333	152	128	0.9660862197252712
7th3	0.9619271755218506	333	141	117	0.960763485873642
7tjc	0.9905288219451904	333	146	123	0.9906911407188252
7tpr	0.9797948598861694	333	138	125	0.979459538633096
7tyf	0.9639573693275452	333	208	128	0.9628878020261584
7tyh	0.9243684411048888	333	216	127	0.9214634811321156
7tyi	0.986915647983551	333	218	128	0.9869104554527032
7tyl	0.9688405394554138	333	227	128	0.9679973620834388
7tyn	0.9697602987289428	333	221	128	0.9689597625575728
7tyo	0.9877386093139648	333	208	128	0.9877715703089256
7tyx	0.9736124873161316	333	201	128	0.9729905434689072
7tyy	0.9803642630577089	333	213	127	0.9800553400542223
7tzf	0.9722496271133424	333	200	128	0.9715644993472644
7ubx	0.891220211982727	333	168	121	0.8867784582766636
7uby	0.990005373954773	333	140	120	0.9901434250190102
7uia	0.9775345921516418	333	172	128	0.977094482034066
7ul2	0.075101189315319	333	105	60	0.0328231278224342
7ul4	0.6583865284919739	333	89	65	0.6431503113963642
7ul5	0.7775188088417053	333	122	86	0.7678057146012963
7uny	0.9935311675071716	333	147	123	0.9938326788098496
7unz	0.8542230129241943	333	204	121	0.8480660223814086
7upm	0.9672394394874572	333	118	111	0.9663220331004704
7ust	0.9040206670761108	333	203	124	0.9001723586216256
7usv	0.9361408352851868	333	143	124	0.9337816583627064
7utg	0.9783942103385924	333	171	124	0.9779939532049532
7utz	0.9798176288604736	333	207	126	0.979483363205782
7v0v	0.8650121092796326	333	186	121	0.8593553148591131
7v35	0.9733721017837524	333	197	126	0.9727390133598942
7v9l	0.9905188679695128	333	222	126	0.990680725264274
7v9m	0.988697111606598	333	214	126	0.9887745099774208
7vab	0.9966989755630492	333	205	129	0.9971473504447922
7vbh	0.9784080386161804	333	225	126	0.9780084225789404
7vbi	0.9444069862365724	333	209	126	0.9424310385036124
7vfa	0.9731040000915528	333	152	123	0.9724584821349148
7vfb	0.9752404093742372	333	163	133	0.974693938047972
7vke	0.9960691928863524	333	197	125	0.9964883702484536
7vnb	0.9552781581878662	333	162	118	0.9538062117053712
7vnc	0.9228469729423524	333	141	116	0.9198714757855572
7vnd	0.986184060573578	333	138	116	0.986144950727182
7vne	0.8900577425956726	333	146	116	0.8855620953418548
7voa	0.9786496162414552	333	146	128	0.9782612000477802
7vpy	0.946584701538086	333	225	115	0.9447097154346574
7vq0	0.9690760970115662	333	183	116	0.9682438403851548
7vqx	0.9692586064338684	333	203	128	0.9684348111745916
7vuh	0.9697391986846924	333	198	126	0.968937684288644
7vui	0.972845196723938	333	201	126	0.9721876803165824
7vuj	0.9332676529884338	333	221	126	0.9307752717088827
7vvj	0.9808726906776428	333	218	128	0.9805873390202234
7vvk	0.9955981373786926	333	212	128	0.9959954760130132
7vvl	0.9543878436088562	333	200	128	0.9528746210189516
7vvm	0.930030643939972	333	203	128	0.9273881908360122
7vvn	0.9495176672935486	333	220	128	0.9477786571837798
7vvo	0.9807249903678894	333	198	128	0.9804327911377204
7w1s	0.9932937622070312	333	170	111	0.9935842671004028
7wbj	0.9528335928916932	333	207	128	0.9512483132771646
7wcm	0.9518792629241944	333	216	129	0.9502497393680622
7wcn	0.98495751619339	333	218	128	0.984861542201699
7wd1	0.9473050236701964	333	159	130	0.9454634326098184
7wd2	0.9072904586791992	333	148	129	0.9035937418897249
7whi	0.9744252562522888	333	120	117	0.9738409933986132
7whj	0.8259544968605042	333	111	118	0.8184869422397403
7whk	0.791500449180603	333	129	117	0.7824355614303431
7wki	0.942463994026184	333	136	132	0.9403979667224044
7wpd	0.909827709197998	333	143	120	0.9062486225444416
7wpf	0.9329087734222412	333	153	120	0.9303997540331158
7wq4	0.9830047488212584	333	218	128	0.9828182420699138
7wu2	0.9764220714569092	333	229	128	0.9759303834759874
7wu3	0.978506088256836	333	231	127	0.9781110179246698
7wuj	0.7847809791564941	333	96	90	0.7754045682963262
7wuq	0.9427261352539062	333	194	127	0.9406722611482512
7wxu	0.9843878149986268	333	229	128	0.984265428940616
7wxw	0.9896352291107178	333	230	127	0.9897561197928828
7wy5	0.9777862429618835	333	216	128	0.9773577996934396
7wy8	0.9512577652931212	333	223	127	0.949599428322518
7x2c	0.922466278076172	333	214	128	0.9194731314249652
7x2d	0.9229432940483092	333	222	128	0.9199722624595382
7x2f	0.9004782438278198	333	202	128	0.8964657041612064
7x2j	0.9976417422294616	333	132	127	0.9981338249635776
7x2l	0.902640700340271	333	209	119	0.8987284148864724
7x2m	0.9894524812698364	333	179	124	0.9895648995314807
7x4i	0.959388554096222	333	117	123	0.958107170755125
7x7d	0.9866082072257996	333	193	128	0.9865887613534496
7x7e	0.9731366634368896	333	183	128	0.972492659794161
7x8r	0.9668163657188416	333	214	126	0.9658793450980466
7x8s	0.9368271231651306	333	213	126	0.9344997634148208
7xjh	0.9777190685272216	333	234	128	0.9772875109672164
7xji	0.980014443397522	333	223	128	0.9796893023131368
7xk9	0.9349219799041748	333	199	120	0.9325062953081044
7xka	0.994081974029541	333	200	120	0.9944090214176828
7xkd	0.7983171939849854	333	224	128	0.7895683391262023
7xke	0.9755428433418274	333	204	127	0.9750103932359544
7xkf	0.9736087322235109	333	215	128	0.972986614285454
7xl0	0.8299345970153809	333	155	121	0.822651564860458
7xl1	0.7786527872085571	333	149	124	0.7689922656362518
7xou	0.9729031324386596	333	221	126	0.97224830200415
7xov	0.8752118945121765	333	219	126	0.8700279750065888
7xp4	0.9040244817733764	333	203	128	0.9001763501730704
7xp5	0.956767201423645	333	213	126	0.9553642888646487
7xp6	0.9765146374702454	333	213	128	0.9760272409665148
7xqv	0.9553043842315674	333	122	115	0.953833653621554
7xrp	0.9671961069107056	333	176	124	0.9662766915707772
7xt8	0.9953786730766296	333	207	128	0.9957658370689552
7xtb	0.9658201336860656	333	227	128	0.9648369264910428
7xtc	0.9625644683837892	333	210	128	0.9614303244368876
7xtp	0.983087122440338	333	203	133	0.9829044346339249
7xtq	0.8869674801826477	333	218	127	0.882328564463626
7xw5	0.988766312599182	333	219	128	0.988846919215349
7xz5	0.987668514251709	333	200	128	0.9876982255511276
7xz6	0.9604880809783936	333	208	128	0.9592576730910948
7y9t	0.9222100377082824	333	164	114	0.9192050114302596
7y9u	0.9315874576568604	333	183	114	0.9290171804014262
7y9v	0.9883049726486206	333	167	114	0.9883641909624944
7yag	0.9620311856269836	333	179	123	0.960872318018504
7yah	0.9269874691963196	333	168	123	0.92420393067093
7yai	0.9571914672851562	333	176	123	0.9558082242268992
7yaj	0.9921653270721436	333	173	123	0.9924035162886404
7yit	0.8739156723022461	333	121	109	0.868671658299247
7yp7	0.9973016381263732	333	232	128	0.9977779532050778
7yz9	0.9228169322013856	333	148	116	0.9198400423179296
7yzi	0.9630887508392334	333	136	117	0.9619789132885812
7yzk	0.9497659802436828	333	151	117	0.9480384822356392
7yzw	0.8225966691970825	333	172	123	0.8149734414484542
7z1a	0.9275062680244446	333	182	128	0.9247467816674216
7z1b	0.987673282623291	333	159	134	0.9877032149904336
7z1c	0.9951198697090148	333	154	125	0.9954950352506226
7z1d	0.9092984795570374	333	154	128	0.9056948571494682
7z1e	0.9433190226554872	333	156	126	0.9412926355579596
7z6v	0.9601015448570251	333	183	128	0.958853216667353
7z7x	0.9449969530105592	333	153	128	0.9430483568817456
7z85	0.9052571058273317	333	150	125	0.9014661202336686
7z86	0.8613404035568237	333	147	126	0.8555133842255103
7z9q	0.9596407413482666	333	139	134	0.9583710497264204
7z9r	0.9052619934082032	333	151	126	0.9014712344089572
7zf4	0.9729353189468384	333	173	124	0.9722819807194656
7zfb	0.8951565623283386	333	155	124	0.8908973027917487
7zg0	0.9503809213638306	333	198	121	0.948681932802138
7zk1	0.941348910331726	333	196	127	0.9392311863406988
7zkw	0.8910636305809021	333	239	121	0.8866146175634532
7zkz	0.9830105900764464	333	180	127	0.9828243541330636
7zml	0.9036762714385986	333	250	130	0.8998119963677506
7zmm	0.8057237267494202	333	256	127	0.797318248096221
7zmn	0.8031094074249268	333	246	124	0.7945827256287212
7zmo	0.7948452830314636	333	202	124	0.7859354659995205
7zmp	0.8470603823661804	333	224	124	0.8405713232318912
7zmq	0.925780951976776	333	257	124	0.922941477790532
7zmr	0.9379851818084716	333	251	124	0.9357115111182716
7zms	0.7995089292526245	333	253	124	0.7908153247447516
7zmt	0.8771658539772034	333	229	124	0.8720725224982004
7zmv	0.8847491145133972	333	255	124	0.8800073525624973
7zra	0.8284003138542175	333	216	120	0.8210461503957647
7zw1	0.905484676361084	333	154	126	0.9017042412245468
7zxu	0.9321631789207458	333	171	124	0.9296195928296332
8b01	0.975992739200592	333	97	103	0.9754811468344744
8b41	0.9960799813270568	333	168	114	0.9964996588548836
8b7w	0.9796415567398072	333	170	125	0.9792991281594084
8bb7	0.977712631225586	333	159	124	0.9772807752241532
8bev	0.8387555480003357	333	187	116	0.8318814662646156
8bf4	0.9792973399162292	333	158	117	0.9789389530095074
8bgg	0.899772584438324	333	188	116	0.8957273295119114
8bzy	0.9932544231414796	333	198	120	0.9935431042261283
8c02	0.9905146956443788	333	183	120	0.9906763595048812
8c3l	0.9916245937347412	333	127	111	0.9918377138713412
8cwu	0.9511139392852784	333	170	122	0.949448934359451
8cxn	0.9735367894172668	333	170	126	0.9729113361199248
8cxq	0.9424148797988892	333	170	122	0.9403465754975529
8cxr	0.9799143075942992	333	145	126	0.979584524087711
8cy6	0.9648166298866272	333	217	120	0.9637868989890976
8cy7	0.9895979762077332	333	155	121	0.9897171397983048
8cy9	0.9502130746841432	333	170	121	0.9485063045385672
8cya	0.9593194127082824	333	194	127	0.958034823885188
8cyb	0.9608555436134338	333	154	124	0.9596421717576124
8cyc	0.9890886545181274	333	172	127	0.9891842053124338
8cyd	0.9200173616409302	333	194	121	0.916910680133392
8cyj	0.9679495692253112	333	175	127	0.9670650853491148
8dam	0.9301825761795044	333	141	119	0.9275471668458992
8dcr	0.9986190795898438	333	212	128	0.9991564729173312
8dcs	0.9663515090942384	333	233	128	0.965392937133704
8dfl	0.9842973947525024	333	137	115	0.984170816697776
8di5	0.9917623400688172	333	162	116	0.9919818462992932
8dlx	0.9967240691184998	333	178	119	0.99717360736914
8dly	0.9672799110412598	333	202	119	0.96636438096658
8dlz	0.9669783115386964	333	171	119	0.9660487989304762
8dm0	0.9743790030479432	333	159	119	0.9737925958373452
8dtn	0.9211410284042358	333	137	114	0.9180864415058484
8dtu	0.8948108553886414	333	120	111	0.8905355684420646
8dyp	0.9083415269851683	333	139	104	0.9046935390487476
8e0e	0.9479407668113708	333	147	121	0.9461286496052892
8e3x	0.9762217402458192	333	208	126	0.9757207646571444
8e3y	0.9725346565246582	333	204	126	0.97186274308178
8e3z	0.9797605872154236	333	237	126	0.9794236770380842
8e99	0.8027691841125488	333	139	117	0.7942267291342389
8emy	0.9774866700172424	333	216	122	0.9770443381690408
8emz	0.9934041500091552	333	140	128	0.9936997726203364
8en0	0.998904585838318	333	194	118	0.9994552155957772
8en1	0.9079267382621764	333	182	134	0.9042595201971176
8en2	0.994016170501709	333	188	126	0.99434016715526
8en3	0.9572253823280334	333	202	124	0.9558437116139632
8en4	0.9924867153167723	333	177	118	0.992739804497864
8en5	0.9820936918258668	333	188	126	0.9818649473225132
8en6	0.982668399810791	333	178	121	0.9824662994948676
8eqb	0.9664422273635864	333	162	120	0.9654878612165004
8ew6	0.9933889508247375	333	146	123	0.9936838687825486
8f76	0.9777308106422424	333	228	126	0.9772997974615074
8f8v	0.933406412601471	333	135	120	0.930920464392687
8f8w	0.9864532947540284	333	162	120	0.9864266669439964
8f8x	0.9798758029937744	333	153	120	0.9795442343653152
8flq	0.9958995580673218	333	226	126	0.9963108709451431
8flr	0.9966519474983216	333	213	126	0.9970981420996368
8fls	0.9483692049980164	333	212	126	0.9465769507269324
8flt	0.9676072597503662	333	208	126	0.9667069059749362
8flu	0.9750735759735109	333	213	126	0.9745193700402536
8fu6	0.973544180393219	333	204	128	0.9729190697508492
8g2y	0.9790088534355164	333	169	111	0.9786370919314952
8gni	0.9980235695838928	333	166	112	0.9985333543160044
8gnj	0.9795194864273072	333	159	112	0.9791713985131753
8gq5	0.9785524606704712	333	168	112	0.9781595402219206
8gz3	0.9406617283821106	333	145	126	0.9385121457687146
8gz5	0.7301093339920044	333	163	122	0.7181982766694925
8gz6	0.9885495901107788	333	135	120	0.9886201491988916
8ha0	0.9680569767951964	333	217	129	0.9671774724694824
8haf	0.9824339747428894	333	224	129	0.982221006184987
8hao	0.9878751039505004	333	213	129	0.9879143930090596
8hdo	0.9537967443466188	333	220	128	0.9522561176489832
8hdp	0.972381055355072	333	215	128	0.9717020207681356
8hix	0.9673210978507996	333	221	126	0.9664074772485856
8hj0	0.9109942317008972	333	212	126	0.9074692265026604
8hj2	0.9252552390098572	333	206	126	0.9223913921070468
8hmv	0.9007164239883423	333	195	126	0.8967149266545406
8i2g	0.987248957157135	333	218	126	0.987259217260192
8ont	0.9808366298675536	333	106	120	0.980549606385472
8sbb	0.574369490146637	333	185	119	0.555238137128596
