,Mutation,ddG (kcal/mol),pos,wtAA,mutAA
0,K0A,-0.4875,0,K,A
1,K0D,-0.3375,0,K,D
2,K0E,-0.3212,0,K,E
3,K0F,-0.4099,0,K,F
4,K0G,-0.2325,0,K,G
5,K0H,-0.3585,0,K,H
6,K0I,-0.2514,0,K,I
7,K0K,0.0,0,K,K
8,K0L,-0.2693,0,K,L
9,K0M,-0.2501,0,K,M
10,K0N,-0.214,0,K,N
11,K0P,0.0799,0,K,P
12,K0Q,-0.2084,0,K,Q
13,K0R,-0.0211,0,K,R
14,K0S,-0.3461,0,K,S
15,K0T,-0.3568,0,K,T
16,K0V,-0.2791,0,K,V
17,K0W,-0.5977,0,K,W
18,K0Y,-0.4684,0,K,Y
19,V1A,1.9608,1,V,A
20,V1D,2.6137,1,V,D
21,V1E,2.4652,1,V,E
22,V1F,1.713,1,V,F
23,V1G,2.8814,1,V,G
24,V1H,2.7152,1,V,H
25,V1I,0.1114,1,V,I
26,V1K,2.7553,1,V,K
27,V1L,0.7788,1,V,L
28,V1M,1.2893,1,V,M
29,V1N,2.8333,1,V,N
30,V1P,2.5313,1,V,P
31,V1Q,2.439,1,V,Q
32,V1R,2.7475,1,V,R
33,V1S,2.4628,1,V,S
34,V1T,1.4696,1,V,T
35,V1V,0.0,1,V,V
36,V1W,2.1717,1,V,W
37,V1Y,2.2789,1,V,Y
38,Q2A,0.1835,2,Q,A
39,Q2D,0.3692,2,Q,D
40,Q2E,-0.0047,2,Q,E
41,Q2F,-0.1227,2,Q,F
42,Q2G,0.6898,2,Q,G
43,Q2H,-0.057,2,Q,H
44,Q2I,-0.0302,2,Q,I
45,Q2K,0.1633,2,Q,K
46,Q2L,0.0678,2,Q,L
47,Q2M,0.0129,2,Q,M
48,Q2N,0.2219,2,Q,N
49,Q2P,1.7431,2,Q,P
50,Q2Q,0.0,2,Q,Q
51,Q2R,0.115,2,Q,R
52,Q2S,-0.0014,2,Q,S
53,Q2T,-0.2102,2,Q,T
54,Q2V,-0.0952,2,Q,V
55,Q2W,-0.1409,2,Q,W
56,Q2Y,-0.1891,2,Q,Y
57,L3A,2.1821,3,L,A
58,L3D,2.4612,3,L,D
59,L3E,2.414,3,L,E
60,L3F,0.7019,3,L,F
61,L3G,2.5345,3,L,G
62,L3H,2.1616,3,L,H
63,L3I,0.4338,3,L,I
64,L3K,2.247,3,L,K
65,L3L,0.0,3,L,L
66,L3M,0.7613,3,L,M
67,L3N,2.3846,3,L,N
68,L3P,2.2154,3,L,P
69,L3Q,2.2156,3,L,Q
70,L3R,2.3223,3,L,R
71,L3S,2.1358,3,L,S
72,L3T,1.6957,3,L,T
73,L3V,0.9258,3,L,V
74,L3W,1.2904,3,L,W
75,L3Y,1.3596,3,L,Y
76,Q4A,0.4409,4,Q,A
77,Q4D,0.8277,4,Q,D
78,Q4E,0.2768,4,Q,E
79,Q4F,0.1611,4,Q,F
80,Q4G,1.2376,4,Q,G
81,Q4H,0.1586,4,Q,H
82,Q4I,-0.0168,4,Q,I
83,Q4K,0.2374,4,Q,K
84,Q4L,0.2539,4,Q,L
85,Q4M,0.0841,4,Q,M
86,Q4N,0.6046,4,Q,N
87,Q4P,2.445,4,Q,P
88,Q4Q,0.0,4,Q,Q
89,Q4R,0.1292,4,Q,R
90,Q4S,0.204,4,Q,S
91,Q4T,-0.037,4,Q,T
92,Q4V,-0.0953,4,Q,V
93,Q4W,-0.0137,4,Q,W
94,Q4Y,0.0316,4,Q,Y
95,Q5A,0.7994,5,Q,A
96,Q5D,0.3765,5,Q,D
97,Q5E,-0.7016,5,Q,E
98,Q5F,0.1691,5,Q,F
99,Q5G,1.2877,5,Q,G
100,Q5H,0.3453,5,Q,H
101,Q5I,0.5258,5,Q,I
102,Q5K,1.4202,5,Q,K
103,Q5L,0.6765,5,Q,L
104,Q5M,0.208,5,Q,M
105,Q5N,0.9887,5,Q,N
106,Q5P,0.9574,5,Q,P
107,Q5Q,0.0,5,Q,Q
108,Q5R,1.4999,5,Q,R
109,Q5S,0.6271,5,Q,S
110,Q5T,0.2362,5,Q,T
111,Q5V,0.5522,5,Q,V
112,Q5W,0.3625,5,Q,W
113,Q5Y,0.1488,5,Q,Y
114,S6A,0.5037,6,S,A
115,S6D,0.9405,6,S,D
116,S6E,0.6808,6,S,E
117,S6F,0.3327,6,S,F
118,S6G,1.0275,6,S,G
119,S6H,0.5143,6,S,H
120,S6I,0.563,6,S,I
121,S6K,0.8659,6,S,K
122,S6L,0.7595,6,S,L
123,S6M,0.4592,6,S,M
124,S6N,0.7316,6,S,N
125,S6P,2.305,6,S,P
126,S6Q,0.5821,6,S,Q
127,S6R,0.753,6,S,R
128,S6S,0.0,6,S,S
129,S6T,0.139,6,S,T
130,S6V,0.5034,6,S,V
131,S6W,0.1872,6,S,W
132,S6Y,0.3342,6,S,Y
133,G7A,1.3286,7,G,A
134,G7D,1.4792,7,G,D
135,G7E,1.6257,7,G,E
136,G7F,1.1239,7,G,F
137,G7G,0.0,7,G,G
138,G7H,1.3409,7,G,H
139,G7I,1.4354,7,G,I
140,G7K,1.5097,7,G,K
141,G7L,1.2602,7,G,L
142,G7M,1.3245,7,G,M
143,G7N,1.3573,7,G,N
144,G7P,1.6919,7,G,P
145,G7Q,1.5361,7,G,Q
146,G7R,1.5168,7,G,R
147,G7S,1.4834,7,G,S
148,G7T,1.5786,7,G,T
149,G7V,1.4651,7,G,V
150,G7W,1.3515,7,G,W
151,G7Y,1.2546,7,G,Y
152,G8A,0.9986,8,G,A
153,G8D,1.4381,8,G,D
154,G8E,1.5249,8,G,E
155,G8F,1.1592,8,G,F
156,G8G,0.0,8,G,G
157,G8H,1.4087,8,G,H
158,G8I,1.3813,8,G,I
159,G8K,1.5347,8,G,K
160,G8L,1.5321,8,G,L
161,G8M,1.3163,8,G,M
162,G8N,1.4843,8,G,N
163,G8P,1.4317,8,G,P
164,G8Q,1.4851,8,G,Q
165,G8R,1.4536,8,G,R
166,G8S,1.0446,8,G,S
167,G8T,1.192,8,G,T
168,G8V,1.3747,8,G,V
169,G8W,1.0829,8,G,W
170,G8Y,1.1944,8,G,Y
171,G9A,1.1249,9,G,A
172,G9D,1.9658,9,G,D
173,G9E,2.2063,9,G,E
174,G9F,1.3577,9,G,F
175,G9G,0.0,9,G,G
176,G9H,1.6675,9,G,H
177,G9I,1.9231,9,G,I
178,G9K,1.7317,9,G,K
179,G9L,1.7465,9,G,L
180,G9M,1.3671,9,G,M
181,G9N,1.8173,9,G,N
182,G9P,2.3555,9,G,P
183,G9Q,1.5858,9,G,Q
184,G9R,1.7663,9,G,R
185,G9S,1.3811,9,G,S
186,G9T,1.7288,9,G,T
187,G9V,1.787,9,G,V
188,G9W,1.6553,9,G,W
189,G9Y,1.6908,9,G,Y
190,A10A,0.0,10,A,A
191,A10D,0.2391,10,A,D
192,A10E,-0.081,10,A,E
193,A10F,-0.1856,10,A,F
194,A10G,0.5841,10,A,G
195,A10H,-0.2095,10,A,H
196,A10I,-0.2631,10,A,I
197,A10K,-0.0075,10,A,K
198,A10L,-0.0212,10,A,L
199,A10M,-0.1281,10,A,M
200,A10N,0.0625,10,A,N
201,A10P,1.5196,10,A,P
202,A10Q,-0.2245,10,A,Q
203,A10R,-0.1303,10,A,R
204,A10S,-0.2352,10,A,S
205,A10T,-0.3783,10,A,T
206,A10V,-0.4165,10,A,V
207,A10W,-0.2985,10,A,W
208,A10Y,-0.2437,10,A,Y
209,V11A,1.2813,11,V,A
210,V11D,2.9969,11,V,D
211,V11E,2.1321,11,V,E
212,V11F,0.439,11,V,F
213,V11G,2.698,11,V,G
214,V11H,1.7497,11,V,H
215,V11I,-0.0614,11,V,I
216,V11K,1.8971,11,V,K
217,V11L,0.346,11,V,L
218,V11M,0.2494,11,V,M
219,V11N,2.5767,11,V,N
220,V11P,3.0842,11,V,P
221,V11Q,1.686,11,V,Q
222,V11R,1.6183,11,V,R
223,V11S,1.9027,11,V,S
224,V11T,1.3753,11,V,T
225,V11V,0.0,11,V,V
226,V11W,1.0913,11,V,W
227,V11Y,0.9409,11,V,Y
228,Q12A,0.094,12,Q,A
229,Q12D,0.3475,12,Q,D
230,Q12E,0.1259,12,Q,E
231,Q12F,0.1978,12,Q,F
232,Q12G,0.3945,12,Q,G
233,Q12H,0.0489,12,Q,H
234,Q12I,0.0707,12,Q,I
235,Q12K,0.0009,12,Q,K
236,Q12L,0.1637,12,Q,L
237,Q12M,0.2383,12,Q,M
238,Q12N,0.2794,12,Q,N
239,Q12P,0.2416,12,Q,P
240,Q12Q,0.0,12,Q,Q
241,Q12R,0.0931,12,Q,R
242,Q12S,0.1069,12,Q,S
243,Q12T,0.0918,12,Q,T
244,Q12V,-0.0102,12,Q,V
245,Q12W,0.2076,12,Q,W
246,Q12Y,0.1903,12,Q,Y
247,T13A,0.1213,13,T,A
248,T13D,0.6628,13,T,D
249,T13E,0.2118,13,T,E
250,T13F,1.1423,13,T,F
251,T13G,1.294,13,T,G
252,T13H,0.7173,13,T,H
253,T13I,0.7046,13,T,I
254,T13K,0.9905,13,T,K
255,T13L,0.5917,13,T,L
256,T13M,0.5599,13,T,M
257,T13N,0.9238,13,T,N
258,T13P,2.4629,13,T,P
259,T13Q,0.3725,13,T,Q
260,T13R,0.8439,13,T,R
261,T13S,0.2552,13,T,S
262,T13T,0.0,13,T,T
263,T13V,0.2714,13,T,V
264,T13W,0.8304,13,T,W
265,T13Y,0.9971,13,T,Y
266,G14A,1.8387,14,G,A
267,G14D,1.3271,14,G,D
268,G14E,1.7912,14,G,E
269,G14F,1.4983,14,G,F
270,G14G,0.0,14,G,G
271,G14H,1.5666,14,G,H
272,G14I,2.3511,14,G,I
273,G14K,2.0035,14,G,K
274,G14L,1.7933,14,G,L
275,G14M,1.6481,14,G,M
276,G14N,1.2476,14,G,N
277,G14P,2.7375,14,G,P
278,G14Q,1.843,14,G,Q
279,G14R,2.0266,14,G,R
280,G14S,1.7139,14,G,S
281,G14T,2.2598,14,G,T
282,G14V,2.4206,14,G,V
283,G14W,1.5564,14,G,W
284,G14Y,1.6233,14,G,Y
285,G15A,0.3521,15,G,A
286,G15D,0.8718,15,G,D
287,G15E,0.785,15,G,E
288,G15F,0.6223,15,G,F
289,G15G,0.0,15,G,G
290,G15H,0.6854,15,G,H
291,G15I,0.6888,15,G,I
292,G15K,0.6774,15,G,K
293,G15L,0.4966,15,G,L
294,G15M,0.4237,15,G,M
295,G15N,0.751,15,G,N
296,G15P,2.2068,15,G,P
297,G15Q,0.5111,15,G,Q
298,G15R,0.8482,15,G,R
299,G15S,0.3256,15,G,S
300,G15T,0.4911,15,G,T
301,G15V,0.7373,15,G,V
302,G15W,0.7235,15,G,W
303,G15Y,0.8266,15,G,Y
304,S16A,0.6845,16,S,A
305,S16D,1.8393,16,S,D
306,S16E,1.2719,16,S,E
307,S16F,1.1316,16,S,F
308,S16G,1.2181,16,S,G
309,S16H,0.8458,16,S,H
310,S16I,1.0953,16,S,I
311,S16K,0.6802,16,S,K
312,S16L,1.3897,16,S,L
313,S16M,0.9422,16,S,M
314,S16N,1.1521,16,S,N
315,S16P,2.1777,16,S,P
316,S16Q,0.7534,16,S,Q
317,S16R,0.4999,16,S,R
318,S16S,0.0,16,S,S
319,S16T,0.1829,16,S,T
320,S16V,1.1407,16,S,V
321,S16W,1.0586,16,S,W
322,S16Y,1.1258,16,S,Y
323,L17A,1.8271,17,L,A
324,L17D,2.9512,17,L,D
325,L17E,2.5583,17,L,E
326,L17F,0.8104,17,L,F
327,L17G,2.7951,17,L,G
328,L17H,2.2486,17,L,H
329,L17I,0.2555,17,L,I
330,L17K,2.1674,17,L,K
331,L17L,0.0,17,L,L
332,L17M,0.4128,17,L,M
333,L17N,2.5531,17,L,N
334,L17P,2.733,17,L,P
335,L17Q,2.0866,17,L,Q
336,L17R,2.1673,17,L,R
337,L17S,2.1513,17,L,S
338,L17T,1.6285,17,L,T
339,L17V,0.6341,17,L,V
340,L17W,1.3433,17,L,W
341,L17Y,1.4553,17,L,Y
342,K18A,0.5403,18,K,A
343,K18D,1.0416,18,K,D
344,K18E,0.3822,18,K,E
345,K18F,-0.1966,18,K,F
346,K18G,1.5065,18,K,G
347,K18H,0.0285,18,K,H
348,K18I,-0.8972,18,K,I
349,K18K,0.0,18,K,K
350,K18L,-0.2077,18,K,L
351,K18M,-0.1238,18,K,M
352,K18N,0.6296,18,K,N
353,K18P,1.5823,18,K,P
354,K18Q,0.0178,18,K,Q
355,K18R,0.0524,18,K,R
356,K18S,0.2227,18,K,S
357,K18T,-0.5431,18,K,T
358,K18V,-0.8079,18,K,V
359,K18W,-0.1398,18,K,W
360,K18Y,-0.3075,18,K,Y
361,L19A,2.8857,19,L,A
362,L19D,3.2909,19,L,D
363,L19E,3.1782,19,L,E
364,L19F,0.982,19,L,F
365,L19G,2.8236,19,L,G
366,L19H,2.7411,19,L,H
367,L19I,1.2015,19,L,I
368,L19K,2.8332,19,L,K
369,L19L,0.0,19,L,L
370,L19M,1.212,19,L,M
371,L19N,3.1731,19,L,N
372,L19P,3.0035,19,L,P
373,L19Q,2.9738,19,L,Q
374,L19R,2.9411,19,L,R
375,L19S,3.1104,19,L,S
376,L19T,2.7388,19,L,T
377,L19V,1.9507,19,L,V
378,L19W,1.7726,19,L,W
379,L19Y,1.6625,19,L,Y
380,T20A,0.9365,20,T,A
381,T20D,1.4676,20,T,D
382,T20E,0.7626,20,T,E
383,T20F,0.2495,20,T,F
384,T20G,1.7692,20,T,G
385,T20H,0.4491,20,T,H
386,T20I,-0.1059,20,T,I
387,T20K,0.7196,20,T,K
388,T20L,0.4634,20,T,L
389,T20M,0.5073,20,T,M
390,T20N,1.0025,20,T,N
391,T20P,2.1871,20,T,P
392,T20Q,0.7357,20,T,Q
393,T20R,0.5326,20,T,R
394,T20S,0.634,20,T,S
395,T20T,0.0,20,T,T
396,T20V,-0.1569,20,T,V
397,T20W,0.1889,20,T,W
398,T20Y,0.0143,20,T,Y
399,C21A,1.1269,21,C,A
400,C21D,1.7314,21,C,D
401,C21E,1.6348,21,C,E
402,C21F,-0.6074,21,C,F
403,C21G,2.3819,21,C,G
404,C21H,0.9064,21,C,H
405,C21I,0.4673,21,C,I
406,C21K,1.6276,21,C,K
407,C21L,0.4277,21,C,L
408,C21M,0.7891,21,C,M
409,C21N,1.4811,21,C,N
410,C21P,1.444,21,C,P
411,C21Q,1.7582,21,C,Q
412,C21R,1.6592,21,C,R
413,C21S,1.2434,21,C,S
414,C21T,1.1463,21,C,T
415,C21V,0.3778,21,C,V
416,C21W,0.1484,21,C,W
417,C21Y,-0.2774,21,C,Y
418,L22A,0.8991,22,L,A
419,L22D,1.5865,22,L,D
420,L22E,0.8681,22,L,E
421,L22F,0.0003,22,L,F
422,L22G,1.8364,22,L,G
423,L22H,0.2486,22,L,H
424,L22I,-0.5496,22,L,I
425,L22K,0.2247,22,L,K
426,L22L,0.0,22,L,L
427,L22M,0.1834,22,L,M
428,L22N,0.8083,22,L,N
429,L22P,2.1693,22,L,P
430,L22Q,0.5193,22,L,Q
431,L22R,0.0544,22,L,R
432,L22S,0.6416,22,L,S
433,L22T,-0.1912,22,L,T
434,L22V,-0.3693,22,L,V
435,L22W,0.2298,22,L,W
436,L22Y,-0.0878,22,L,Y
437,A23A,0.0,23,A,A
438,A23D,2.3849,23,A,D
439,A23E,2.0362,23,A,E
440,A23F,0.3544,23,A,F
441,A23G,1.5147,23,A,G
442,A23H,1.8455,23,A,H
443,A23I,-0.1391,23,A,I
444,A23K,2.3064,23,A,K
445,A23L,-0.0495,23,A,L
446,A23M,0.2702,23,A,M
447,A23N,2.0597,23,A,N
448,A23P,1.9325,23,A,P
449,A23Q,2.0572,23,A,Q
450,A23R,2.3597,23,A,R
451,A23S,1.1194,23,A,S
452,A23T,0.8523,23,A,T
453,A23V,-0.2693,23,A,V
454,A23W,1.1589,23,A,W
455,A23Y,0.9932,23,A,Y
456,S24A,0.3869,24,S,A
457,S24D,1.1321,24,S,D
458,S24E,0.4975,24,S,E
459,S24F,-0.0464,24,S,F
460,S24G,1.0308,24,S,G
461,S24H,0.1924,24,S,H
462,S24I,0.0234,24,S,I
463,S24K,0.289,24,S,K
464,S24L,0.1581,24,S,L
465,S24M,-0.0233,24,S,M
466,S24N,0.5921,24,S,N
467,S24P,2.2784,24,S,P
468,S24Q,0.2096,24,S,Q
469,S24R,0.1125,24,S,R
470,S24S,0.0,24,S,S
471,S24T,-0.1816,24,S,T
472,S24V,0.0841,24,S,V
473,S24W,-0.0836,24,S,W
474,S24Y,-0.123,24,S,Y
475,G25A,1.2446,25,G,A
476,G25D,1.1751,25,G,D
477,G25E,1.429,25,G,E
478,G25F,1.0231,25,G,F
479,G25G,0.0,25,G,G
480,G25H,1.1496,25,G,H
481,G25I,1.2939,25,G,I
482,G25K,1.3014,25,G,K
483,G25L,1.1388,25,G,L
484,G25M,1.2177,25,G,M
485,G25N,1.0661,25,G,N
486,G25P,1.7841,25,G,P
487,G25Q,1.3726,25,G,Q
488,G25R,1.3801,25,G,R
489,G25S,1.1558,25,G,S
490,G25T,1.2236,25,G,T
491,G25V,1.3878,25,G,V
492,G25W,1.2929,25,G,W
493,G25Y,1.1575,25,G,Y
494,N26A,0.2417,26,N,A
495,N26D,-0.567,26,N,D
496,N26E,-0.3719,26,N,E
497,N26F,0.2308,26,N,F
498,N26G,1.0867,26,N,G
499,N26H,0.2638,26,N,H
500,N26I,0.1871,26,N,I
501,N26K,0.6831,26,N,K
502,N26L,-0.0379,26,N,L
503,N26M,0.1573,26,N,M
504,N26N,0.0,26,N,N
505,N26P,2.1891,26,N,P
506,N26Q,0.2024,26,N,Q
507,N26R,0.6562,26,N,R
508,N26S,0.3436,26,N,S
509,N26T,0.3805,26,N,T
510,N26V,0.2375,26,N,V
511,N26W,0.0676,26,N,W
512,N26Y,0.1465,26,N,Y
513,T27A,0.9277,27,T,A
514,T27D,1.8045,27,T,D
515,T27E,1.5897,27,T,E
516,T27F,1.1772,27,T,F
517,T27G,1.8324,27,T,G
518,T27H,1.6992,27,T,H
519,T27I,0.3386,27,T,I
520,T27K,1.7661,27,T,K
521,T27L,0.6918,27,T,L
522,T27M,0.7544,27,T,M
523,T27N,1.8241,27,T,N
524,T27P,1.9114,27,T,P
525,T27Q,1.386,27,T,Q
526,T27R,1.6,27,T,R
527,T27S,0.992,27,T,S
528,T27T,0.0,27,T,T
529,T27V,0.2603,27,T,V
530,T27W,1.4176,27,T,W
531,T27Y,1.3692,27,T,Y
532,A28A,0.0,28,A,A
533,A28D,-0.0573,28,A,D
534,A28E,-0.1113,28,A,E
535,A28F,0.2248,28,A,F
536,A28G,0.2393,28,A,G
537,A28H,0.1833,28,A,H
538,A28I,0.2838,28,A,I
539,A28K,0.1976,28,A,K
540,A28L,0.1865,28,A,L
541,A28M,0.2477,28,A,M
542,A28N,0.1743,28,A,N
543,A28P,0.623,28,A,P
544,A28Q,0.1113,28,A,Q
545,A28R,0.2516,28,A,R
546,A28S,0.0712,28,A,S
547,A28T,0.1788,28,A,T
548,A28V,0.2517,28,A,V
549,A28W,0.0891,28,A,W
550,A28Y,0.1625,28,A,Y
551,S29A,0.059,29,S,A
552,S29D,0.0768,29,S,D
553,S29E,-0.0302,29,S,E
554,S29F,0.4779,29,S,F
555,S29G,1.0676,29,S,G
556,S29H,0.3988,29,S,H
557,S29I,0.3621,29,S,I
558,S29K,0.8072,29,S,K
559,S29L,0.1759,29,S,L
560,S29M,0.1359,29,S,M
561,S29N,0.3387,29,S,N
562,S29P,2.8276,29,S,P
563,S29Q,0.2641,29,S,Q
564,S29R,0.6584,29,S,R
565,S29S,0.0,29,S,S
566,S29T,-0.0301,29,S,T
567,S29V,0.3286,29,S,V
568,S29W,0.3797,29,S,W
569,S29Y,0.4037,29,S,Y
570,I30A,2.3877,30,I,A
571,I30D,2.9658,30,I,D
572,I30E,3.1273,30,I,E
573,I30F,1.7431,30,I,F
574,I30G,3.1128,30,I,G
575,I30H,2.9108,30,I,H
576,I30I,0.0,30,I,I
577,I30K,3.0066,30,I,K
578,I30L,1.1923,30,I,L
579,I30M,1.6399,30,I,M
580,I30N,3.0103,30,I,N
581,I30P,2.8816,30,I,P
582,I30Q,2.971,30,I,Q
583,I30R,3.0035,30,I,R
584,I30S,2.8383,30,I,S
585,I30T,2.4501,30,I,T
586,I30V,0.7632,30,I,V
587,I30W,2.2121,30,I,W
588,I30Y,2.2451,30,I,Y
589,R31A,0.304,31,R,A
590,R31D,0.128,31,R,D
591,R31E,-0.1059,31,R,E
592,R31F,0.0429,31,R,F
593,R31G,1.195,31,R,G
594,R31H,0.2312,31,R,H
595,R31I,-0.1526,31,R,I
596,R31K,0.2018,31,R,K
597,R31L,-0.2406,31,R,L
598,R31M,-0.0103,31,R,M
599,R31N,0.3674,31,R,N
600,R31P,2.4563,31,R,P
601,R31Q,0.0857,31,R,Q
602,R31R,0.0,31,R,R
603,R31S,0.3548,31,R,S
604,R31T,-0.1055,31,R,T
605,R31V,-0.0065,31,R,V
606,R31W,0.139,31,R,W
607,R31Y,0.0542,31,R,Y
608,A32A,0.0,32,A,A
609,A32D,1.2022,32,A,D
610,A32E,0.1362,32,A,E
611,A32F,-0.3394,32,A,F
612,A32G,0.948,32,A,G
613,A32H,-0.1067,32,A,H
614,A32I,-0.4439,32,A,I
615,A32K,-0.5942,32,A,K
616,A32L,-0.2325,32,A,L
617,A32M,-0.3837,32,A,M
618,A32N,0.3412,32,A,N
619,A32P,2.3698,32,A,P
620,A32Q,-0.2717,32,A,Q
621,A32R,-0.815,32,A,R
622,A32S,-0.259,32,A,S
623,A32T,-0.5574,32,A,T
624,A32V,-0.5748,32,A,V
625,A32W,-0.1006,32,A,W
626,A32Y,-0.2809,32,A,Y
627,M33A,2.0413,33,M,A
628,M33D,3.5393,33,M,D
629,M33E,2.5837,33,M,E
630,M33F,-0.1218,33,M,F
631,M33G,3.4063,33,M,G
632,M33H,2.3498,33,M,H
633,M33I,0.2927,33,M,I
634,M33K,3.2311,33,M,K
635,M33L,-0.0158,33,M,L
636,M33M,0.0,33,M,M
637,M33N,3.0566,33,M,N
638,M33P,3.3123,33,M,P
639,M33Q,2.4939,33,M,Q
640,M33R,2.8324,33,M,R
641,M33S,2.5536,33,M,S
642,M33T,1.9473,33,M,T
643,M33V,0.4602,33,M,V
644,M33W,-0.0275,33,M,W
645,M33Y,0.1873,33,M,Y
646,G34A,1.2481,34,G,A
647,G34D,2.2877,34,G,D
648,G34E,2.3911,34,G,E
649,G34F,0.8243,34,G,F
650,G34G,0.0,34,G,G
651,G34H,1.5281,34,G,H
652,G34I,1.4578,34,G,I
653,G34K,1.7449,34,G,K
654,G34L,1.2728,34,G,L
655,G34M,1.1872,34,G,M
656,G34N,1.813,34,G,N
657,G34P,2.3198,34,G,P
658,G34Q,1.6495,34,G,Q
659,G34R,1.6664,34,G,R
660,G34S,1.2669,34,G,S
661,G34T,1.5403,34,G,T
662,G34V,1.3921,34,G,V
663,G34W,1.0012,34,G,W
664,G34Y,1.1606,34,G,Y
665,W35A,4.9953,35,W,A
666,W35D,5.7217,35,W,D
667,W35E,5.5762,35,W,E
668,W35F,1.592,35,W,F
669,W35G,4.6049,35,W,G
670,W35H,4.6749,35,W,H
671,W35I,4.0788,35,W,I
672,W35K,5.4238,35,W,K
673,W35L,3.5303,35,W,L
674,W35M,3.5879,35,W,M
675,W35N,5.4689,35,W,N
676,W35P,5.1192,35,W,P
677,W35Q,5.1279,35,W,Q
678,W35R,4.9113,35,W,R
679,W35S,5.0486,35,W,S
680,W35T,5.0775,35,W,T
681,W35V,3.9178,35,W,V
682,W35W,0.0,35,W,W
683,W35Y,1.4433,35,W,Y
684,Y36A,2.7,36,Y,A
685,Y36D,3.1867,36,Y,D
686,Y36E,2.5052,36,Y,E
687,Y36F,0.0577,36,Y,F
688,Y36G,3.5454,36,Y,G
689,Y36H,1.8108,36,Y,H
690,Y36I,2.2312,36,Y,I
691,Y36K,3.116,36,Y,K
692,Y36L,1.9369,36,Y,L
693,Y36M,1.7371,36,Y,M
694,Y36N,2.9042,36,Y,N
695,Y36P,4.7736,36,Y,P
696,Y36Q,2.6048,36,Y,Q
697,Y36R,2.6873,36,Y,R
698,Y36S,2.8774,36,Y,S
699,Y36T,2.8216,36,Y,T
700,Y36V,1.9157,36,Y,V
701,Y36W,0.4294,36,Y,W
702,Y36Y,0.0,36,Y,Y
703,R37A,2.3075,37,R,A
704,R37D,3.6247,37,R,D
705,R37E,3.3746,37,R,E
706,R37F,1.857,37,R,F
707,R37G,2.7995,37,R,G
708,R37H,2.1765,37,R,H
709,R37I,2.4626,37,R,I
710,R37K,0.7509,37,R,K
711,R37L,1.9771,37,R,L
712,R37M,1.8391,37,R,M
713,R37N,2.8365,37,R,N
714,R37P,3.0222,37,R,P
715,R37Q,2.0598,37,R,Q
716,R37R,0.0,37,R,R
717,R37S,2.6171,37,R,S
718,R37T,2.7361,37,R,T
719,R37V,2.6173,37,R,V
720,R37W,2.0353,37,R,W
721,R37Y,2.0244,37,R,Y
722,R38A,-0.1418,38,R,A
723,R38D,0.8379,38,R,D
724,R38E,-0.6374,38,R,E
725,R38F,-0.7476,38,R,F
726,R38G,1.1398,38,R,G
727,R38H,0.154,38,R,H
728,R38I,-1.0125,38,R,I
729,R38K,0.0885,38,R,K
730,R38L,-0.6237,38,R,L
731,R38M,-0.7803,38,R,M
732,R38N,0.8494,38,R,N
733,R38P,2.0164,38,R,P
734,R38Q,-0.5461,38,R,Q
735,R38R,0.0,38,R,R
736,R38S,0.1044,38,R,S
737,R38T,-0.3765,38,R,T
738,R38V,-1.0434,38,R,V
739,R38W,-0.4512,38,R,W
740,R38Y,-0.4478,38,R,Y
741,A39A,0.0,39,A,A
742,A39D,1.178,39,A,D
743,A39E,0.1132,39,A,E
744,A39F,0.4092,39,A,F
745,A39G,0.7195,39,A,G
746,A39H,0.2935,39,A,H
747,A39I,0.3389,39,A,I
748,A39K,-0.0127,39,A,K
749,A39L,0.4586,39,A,L
750,A39M,0.2038,39,A,M
751,A39N,0.7139,39,A,N
752,A39P,-0.2995,39,A,P
753,A39Q,-0.009,39,A,Q
754,A39R,0.0651,39,A,R
755,A39S,0.0952,39,A,S
756,A39T,0.3301,39,A,T
757,A39V,0.2981,39,A,V
758,A39W,0.5138,39,A,W
759,A39Y,0.4372,39,A,Y
760,P40A,0.8716,40,P,A
761,P40D,1.2382,40,P,D
762,P40E,0.9331,40,P,E
763,P40F,0.8171,40,P,F
764,P40G,1.3771,40,P,G
765,P40H,1.2291,40,P,H
766,P40I,0.832,40,P,I
767,P40K,1.1245,40,P,K
768,P40L,0.7967,40,P,L
769,P40M,0.8519,40,P,M
770,P40N,1.3383,40,P,N
771,P40P,0.0,40,P,P
772,P40Q,1.1009,40,P,Q
773,P40R,1.2097,40,P,R
774,P40S,1.1458,40,P,S
775,P40T,1.2022,40,P,T
776,P40V,0.9708,40,P,V
777,P40W,0.9751,40,P,W
778,P40Y,0.9247,40,P,Y
779,G41A,1.2943,41,G,A
780,G41D,0.7975,41,G,D
781,G41E,0.9778,41,G,E
782,G41F,1.1611,41,G,F
783,G41G,0.0,41,G,G
784,G41H,0.9676,41,G,H
785,G41I,2.0086,41,G,I
786,G41K,1.2953,41,G,K
787,G41L,1.3557,41,G,L
788,G41M,1.1516,41,G,M
789,G41N,0.6336,41,G,N
790,G41P,2.0026,41,G,P
791,G41Q,1.1974,41,G,Q
792,G41R,1.2936,41,G,R
793,G41S,1.2204,41,G,S
794,G41T,1.6428,41,G,T
795,G41V,2.0093,41,G,V
796,G41W,1.3261,41,G,W
797,G41Y,1.2036,41,G,Y
798,K42A,0.557,42,K,A
799,K42D,1.4311,42,K,D
800,K42E,0.8341,42,K,E
801,K42F,0.7554,42,K,F
802,K42G,1.0385,42,K,G
803,K42H,0.6038,42,K,H
804,K42I,1.0745,42,K,I
805,K42K,0.0,42,K,K
806,K42L,0.5186,42,K,L
807,K42M,0.4267,42,K,M
808,K42N,0.7932,42,K,N
809,K42P,2.8554,42,K,P
810,K42Q,0.1497,42,K,Q
811,K42R,0.1088,42,K,R
812,K42S,0.798,42,K,S
813,K42T,0.8848,42,K,T
814,K42V,0.9514,42,K,V
815,K42W,0.9804,42,K,W
816,K42Y,0.9839,42,K,Y
817,Q43A,0.0829,43,Q,A
818,Q43D,-0.1251,43,Q,D
819,Q43E,-0.1322,43,Q,E
820,Q43F,0.0537,43,Q,F
821,Q43G,0.2771,43,Q,G
822,Q43H,0.0031,43,Q,H
823,Q43I,0.1745,43,Q,I
824,Q43K,0.2079,43,Q,K
825,Q43L,0.241,43,Q,L
826,Q43M,0.2376,43,Q,M
827,Q43N,0.1269,43,Q,N
828,Q43P,0.543,43,Q,P
829,Q43Q,0.0,43,Q,Q
830,Q43R,0.2756,43,Q,R
831,Q43S,0.0027,43,Q,S
832,Q43T,-0.0036,43,Q,T
833,Q43V,0.1928,43,Q,V
834,Q43W,0.0284,43,Q,W
835,Q43Y,0.03,43,Q,Y
836,R44A,0.1022,44,R,A
837,R44D,1.0419,44,R,D
838,R44E,-0.097,44,R,E
839,R44F,-0.7334,44,R,F
840,R44G,0.8804,44,R,G
841,R44H,0.1825,44,R,H
842,R44I,-1.2806,44,R,I
843,R44K,0.0187,44,R,K
844,R44L,-1.0593,44,R,L
845,R44M,-0.7299,44,R,M
846,R44N,0.7866,44,R,N
847,R44P,0.3512,44,R,P
848,R44Q,0.0599,44,R,Q
849,R44R,0.0,44,R,R
850,R44S,0.4406,44,R,S
851,R44T,-0.0565,44,R,T
852,R44V,-1.0196,44,R,V
853,R44W,-0.5733,44,R,W
854,R44Y,-0.5892,44,R,Y
855,E45A,0.7723,45,E,A
856,E45D,1.1828,45,E,D
857,E45E,0.0,45,E,E
858,E45F,0.5667,45,E,F
859,E45G,1.6489,45,E,G
860,E45H,1.0521,45,E,H
861,E45I,0.474,45,E,I
862,E45K,1.3251,45,E,K
863,E45L,0.7877,45,E,L
864,E45M,0.5714,45,E,M
865,E45N,1.4859,45,E,N
866,E45P,3.0469,45,E,P
867,E45Q,0.6153,45,E,Q
868,E45R,1.1785,45,E,R
869,E45S,0.9875,45,E,S
870,E45T,0.6638,45,E,T
871,E45V,0.2932,45,E,V
872,E45W,0.7857,45,E,W
873,E45Y,0.6728,45,E,Y
874,W46A,2.6949,46,W,A
875,W46D,2.9481,46,W,D
876,W46E,2.8933,46,W,E
877,W46F,0.7695,46,W,F
878,W46G,2.9142,46,W,G
879,W46H,2.2672,46,W,H
880,W46I,2.1099,46,W,I
881,W46K,2.2113,46,W,K
882,W46L,1.9396,46,W,L
883,W46M,1.8973,46,W,M
884,W46N,2.8624,46,W,N
885,W46P,2.2913,46,W,P
886,W46Q,2.5994,46,W,Q
887,W46R,1.9772,46,W,R
888,W46S,2.6845,46,W,S
889,W46T,2.6907,46,W,T
890,W46V,2.2514,46,W,V
891,W46W,0.0,46,W,W
892,W46Y,0.813,46,W,Y
893,V47A,1.9836,47,V,A
894,V47D,2.8283,47,V,D
895,V47E,2.5574,47,V,E
896,V47F,1.5466,47,V,F
897,V47G,2.7913,47,V,G
898,V47H,2.6192,47,V,H
899,V47I,0.2661,47,V,I
900,V47K,2.8008,47,V,K
901,V47L,0.3754,47,V,L
902,V47M,1.3214,47,V,M
903,V47N,2.8703,47,V,N
904,V47P,2.9242,47,V,P
905,V47Q,2.6674,47,V,Q
906,V47R,2.8069,47,V,R
907,V47S,2.8644,47,V,S
908,V47T,2.1113,47,V,T
909,V47V,0.0,47,V,V
910,V47W,2.0253,47,V,W
911,V47Y,2.026,47,V,Y
912,A48A,0.0,48,A,A
913,A48D,2.932,48,A,D
914,A48E,2.648,48,A,E
915,A48F,0.949,48,A,F
916,A48G,1.3893,48,A,G
917,A48H,2.3483,48,A,H
918,A48I,0.7867,48,A,I
919,A48K,2.6193,48,A,K
920,A48L,1.0815,48,A,L
921,A48M,1.0862,48,A,M
922,A48N,2.7737,48,A,N
923,A48P,2.5862,48,A,P
924,A48Q,2.5265,48,A,Q
925,A48R,2.5156,48,A,R
926,A48S,1.4147,48,A,S
927,A48T,1.6833,48,A,T
928,A48V,0.6953,48,A,V
929,A48W,1.2116,48,A,W
930,A48Y,1.384,48,A,Y
931,S49A,0.2196,49,S,A
932,S49D,1.5803,49,S,D
933,S49E,0.7981,49,S,E
934,S49F,0.0445,49,S,F
935,S49G,0.9293,49,S,G
936,S49H,0.3182,49,S,H
937,S49I,0.0873,49,S,I
938,S49K,-0.2155,49,S,K
939,S49L,0.4033,49,S,L
940,S49M,0.1696,49,S,M
941,S49N,0.7582,49,S,N
942,S49P,2.4413,49,S,P
943,S49Q,0.2937,49,S,Q
944,S49R,-0.5666,49,S,R
945,S49S,0.0,49,S,S
946,S49T,-0.0627,49,S,T
947,S49V,-0.0306,49,S,V
948,S49W,0.2509,49,S,W
949,S49Y,0.0661,49,S,Y
950,L50A,1.5581,50,L,A
951,L50D,2.4285,50,L,D
952,L50E,2.007,50,L,E
953,L50F,0.4611,50,L,F
954,L50G,2.495,50,L,G
955,L50H,1.5494,50,L,H
956,L50I,-0.3161,50,L,I
957,L50K,1.5545,50,L,K
958,L50L,0.0,50,L,L
959,L50M,0.5333,50,L,M
960,L50N,2.1503,50,L,N
961,L50P,2.3041,50,L,P
962,L50Q,1.7508,50,L,Q
963,L50R,1.4825,50,L,R
964,L50S,1.9536,50,L,S
965,L50T,1.497,50,L,T
966,L50V,0.2492,50,L,V
967,L50W,0.64,50,L,W
968,L50Y,0.6332,50,L,Y
969,T51A,1.6128,51,T,A
970,T51D,1.1353,51,T,D
971,T51E,1.3875,51,T,E
972,T51F,1.4708,51,T,F
973,T51G,1.6106,51,T,G
974,T51H,1.2458,51,T,H
975,T51I,1.7131,51,T,I
976,T51K,1.5474,51,T,K
977,T51L,1.3878,51,T,L
978,T51M,1.5571,51,T,M
979,T51N,0.7635,51,T,N
980,T51P,2.3831,51,T,P
981,T51Q,1.5131,51,T,Q
982,T51R,1.4999,51,T,R
983,T51S,0.666,51,T,S
984,T51T,0.0,51,T,T
985,T51V,1.599,51,T,V
986,T51W,1.4534,51,T,W
987,T51Y,1.2796,51,T,Y
988,T52A,-0.2591,52,T,A
989,T52D,0.1558,52,T,D
990,T52E,-0.0248,52,T,E
991,T52F,0.2134,52,T,F
992,T52G,0.4844,52,T,G
993,T52H,0.1049,52,T,H
994,T52I,-0.162,52,T,I
995,T52K,-0.1605,52,T,K
996,T52L,-0.0918,52,T,L
997,T52M,-0.0699,52,T,M
998,T52N,0.061,52,T,N
999,T52P,1.16,52,T,P
1000,T52Q,-0.0403,52,T,Q
1001,T52R,-0.3107,52,T,R
1002,T52S,-0.1841,52,T,S
1003,T52T,0.0,52,T,T
1004,T52V,-0.099,52,T,V
1005,T52W,0.0099,52,T,W
1006,T52Y,0.0939,52,T,Y
1007,T53A,0.0993,53,T,A
1008,T53D,-0.1049,53,T,D
1009,T53E,0.0331,53,T,E
1010,T53F,0.2888,53,T,F
1011,T53G,0.1487,53,T,G
1012,T53H,0.2405,53,T,H
1013,T53I,0.5687,53,T,I
1014,T53K,0.3271,53,T,K
1015,T53L,0.3245,53,T,L
1016,T53M,0.277,53,T,M
1017,T53N,0.0878,53,T,N
1018,T53P,1.2935,53,T,P
1019,T53Q,0.1648,53,T,Q
1020,T53R,0.3816,53,T,R
1021,T53S,0.0169,53,T,S
1022,T53T,0.0,53,T,T
1023,T53V,0.4777,53,T,V
1024,T53W,0.0603,53,T,W
1025,T53Y,0.2364,53,T,Y
1026,G54A,1.4395,54,G,A
1027,G54D,1.2396,54,G,D
1028,G54E,1.4425,54,G,E
1029,G54F,1.2285,54,G,F
1030,G54G,0.0,54,G,G
1031,G54H,1.3853,54,G,H
1032,G54I,1.8132,54,G,I
1033,G54K,1.6144,54,G,K
1034,G54L,1.4797,54,G,L
1035,G54M,1.3856,54,G,M
1036,G54N,1.2692,54,G,N
1037,G54P,1.9995,54,G,P
1038,G54Q,1.5238,54,G,Q
1039,G54R,1.589,54,G,R
1040,G54S,1.4666,54,G,S
1041,G54T,1.7385,54,G,T
1042,G54V,1.8693,54,G,V
1043,G54W,1.3469,54,G,W
1044,G54Y,1.3563,54,G,Y
1045,T55A,0.154,55,T,A
1046,T55D,0.3306,55,T,D
1047,T55E,0.1519,55,T,E
1048,T55F,0.2053,55,T,F
1049,T55G,0.5632,55,T,G
1050,T55H,0.074,55,T,H
1051,T55I,-0.0451,55,T,I
1052,T55K,-0.0203,55,T,K
1053,T55L,0.1095,55,T,L
1054,T55M,0.1528,55,T,M
1055,T55N,0.1697,55,T,N
1056,T55P,1.3544,55,T,P
1057,T55Q,0.0192,55,T,Q
1058,T55R,-0.0707,55,T,R
1059,T55S,0.1688,55,T,S
1060,T55T,0.0,55,T,T
1061,T55V,-0.1376,55,T,V
1062,T55W,0.2457,55,T,W
1063,T55Y,0.1912,55,T,Y
1064,A56A,0.0,56,A,A
1065,A56D,1.3541,56,A,D
1066,A56E,0.663,56,A,E
1067,A56F,0.3894,56,A,F
1068,A56G,0.9777,56,A,G
1069,A56H,0.6663,56,A,H
1070,A56I,-0.1404,56,A,I
1071,A56K,0.4848,56,A,K
1072,A56L,0.3229,56,A,L
1073,A56M,0.296,56,A,M
1074,A56N,1.0941,56,A,N
1075,A56P,0.5234,56,A,P
1076,A56Q,0.532,56,A,Q
1077,A56R,0.4816,56,A,R
1078,A56S,0.4708,56,A,S
1079,A56T,0.3626,56,A,T
1080,A56V,-0.4123,56,A,V
1081,A56W,0.4636,56,A,W
1082,A56Y,0.584,56,A,Y
1083,D57A,-0.1736,57,D,A
1084,D57D,0.0,57,D,D
1085,D57E,-0.4764,57,D,E
1086,D57F,-0.3757,57,D,F
1087,D57G,0.5901,57,D,G
1088,D57H,-0.3725,57,D,H
1089,D57I,-0.37,57,D,I
1090,D57K,-0.1584,57,D,K
1091,D57L,-0.2626,57,D,L
1092,D57M,-0.4123,57,D,M
1093,D57N,-0.0861,57,D,N
1094,D57P,2.5997,57,D,P
1095,D57Q,-0.4563,57,D,Q
1096,D57R,-0.3279,57,D,R
1097,D57S,-0.5014,57,D,S
1098,D57T,-0.7759,57,D,T
1099,D57V,-0.4881,57,D,V
1100,D57W,-0.4309,57,D,W
1101,D57Y,-0.4881,57,D,Y
1102,Y58A,1.8083,58,Y,A
1103,Y58D,2.0779,58,Y,D
1104,Y58E,1.8352,58,Y,E
1105,Y58F,0.319,58,Y,F
1106,Y58G,2.3634,58,Y,G
1107,Y58H,0.9563,58,Y,H
1108,Y58I,1.5188,58,Y,I
1109,Y58K,2.0749,58,Y,K
1110,Y58L,1.5206,58,Y,L
1111,Y58M,1.5821,58,Y,M
1112,Y58N,1.731,58,Y,N
1113,Y58P,2.2268,58,Y,P
1114,Y58Q,1.9908,58,Y,Q
1115,Y58R,1.9078,58,Y,R
1116,Y58S,1.8903,58,Y,S
1117,Y58T,1.5657,58,Y,T
1118,Y58V,1.4253,58,Y,V
1119,Y58W,0.6944,58,Y,W
1120,Y58Y,0.0,58,Y,Y
1121,G59A,-0.9693,59,G,A
1122,G59D,1.2339,59,G,D
1123,G59E,1.6561,59,G,E
1124,G59F,1.758,59,G,F
1125,G59G,0.0,59,G,G
1126,G59H,1.4294,59,G,H
1127,G59I,1.9254,59,G,I
1128,G59K,1.7554,59,G,K
1129,G59L,2.1528,59,G,L
1130,G59M,1.3649,59,G,M
1131,G59N,1.3845,59,G,N
1132,G59P,2.2203,59,G,P
1133,G59Q,1.5137,59,G,Q
1134,G59R,1.5815,59,G,R
1135,G59S,0.1446,59,G,S
1136,G59T,0.9269,59,G,T
1137,G59V,1.1928,59,G,V
1138,G59W,1.7413,59,G,W
1139,G59Y,1.8309,59,G,Y
1140,D60A,0.142,60,D,A
1141,D60D,0.0,60,D,D
1142,D60E,0.1377,60,D,E
1143,D60F,0.7228,60,D,F
1144,D60G,0.4908,60,D,G
1145,D60H,0.4827,60,D,H
1146,D60I,0.6458,60,D,I
1147,D60K,0.5752,60,D,K
1148,D60L,0.5881,60,D,L
1149,D60M,0.5845,60,D,M
1150,D60N,0.4781,60,D,N
1151,D60P,0.3369,60,D,P
1152,D60Q,0.3695,60,D,Q
1153,D60R,0.6238,60,D,R
1154,D60S,0.2036,60,D,S
1155,D60T,0.5235,60,D,T
1156,D60V,0.6635,60,D,V
1157,D60W,0.5241,60,D,W
1158,D60Y,0.687,60,D,Y
1159,F61A,1.949,61,F,A
1160,F61D,1.8749,61,F,D
1161,F61E,1.8763,61,F,E
1162,F61F,0.0,61,F,F
1163,F61G,2.1686,61,F,G
1164,F61H,1.7638,61,F,H
1165,F61I,1.3768,61,F,I
1166,F61K,2.0934,61,F,K
1167,F61L,1.4692,61,F,L
1168,F61M,1.5004,61,F,M
1169,F61N,2.0167,61,F,N
1170,F61P,2.3923,61,F,P
1171,F61Q,2.1273,61,F,Q
1172,F61R,1.9392,61,F,R
1173,F61S,1.8373,61,F,S
1174,F61T,1.8464,61,F,T
1175,F61V,1.5955,61,F,V
1176,F61W,0.5505,61,F,W
1177,F61Y,0.6519,61,F,Y
1178,V62A,1.212,62,V,A
1179,V62D,1.837,62,V,D
1180,V62E,1.961,62,V,E
1181,V62F,1.5375,62,V,F
1182,V62G,2.3068,62,V,G
1183,V62H,1.7149,62,V,H
1184,V62I,0.4218,62,V,I
1185,V62K,2.0843,62,V,K
1186,V62L,0.9787,62,V,L
1187,V62M,1.3835,62,V,M
1188,V62N,2.0196,62,V,N
1189,V62P,1.8403,62,V,P
1190,V62Q,1.9285,62,V,Q
1191,V62R,2.083,62,V,R
1192,V62S,1.8789,62,V,S
1193,V62T,1.3432,62,V,T
1194,V62V,0.0,62,V,V
1195,V62W,1.58,62,V,W
1196,V62Y,1.5681,62,V,Y
1197,K63A,0.1639,63,K,A
1198,K63D,0.6553,63,K,D
1199,K63E,0.569,63,K,E
1200,K63F,0.3731,63,K,F
1201,K63G,0.4486,63,K,G
1202,K63H,0.2816,63,K,H
1203,K63I,0.6617,63,K,I
1204,K63K,0.0,63,K,K
1205,K63L,0.2269,63,K,L
1206,K63M,0.1762,63,K,M
1207,K63N,0.1952,63,K,N
1208,K63P,2.02,63,K,P
1209,K63Q,0.125,63,K,Q
1210,K63R,0.1034,63,K,R
1211,K63S,0.324,63,K,S
1212,K63T,0.5307,63,K,T
1213,K63V,0.6909,63,K,V
1214,K63W,0.493,63,K,W
1215,K63Y,0.4638,63,K,Y
1216,G64A,1.2362,64,G,A
1217,G64D,1.1736,64,G,D
1218,G64E,1.351,64,G,E
1219,G64F,1.1583,64,G,F
1220,G64G,0.0,64,G,G
1221,G64H,1.1997,64,G,H
1222,G64I,1.6758,64,G,I
1223,G64K,1.3938,64,G,K
1224,G64L,1.3238,64,G,L
1225,G64M,1.2776,64,G,M
1226,G64N,1.0739,64,G,N
1227,G64P,2.0262,64,G,P
1228,G64Q,1.3741,64,G,Q
1229,G64R,1.4202,64,G,R
1230,G64S,1.2726,64,G,S
1231,G64T,1.5274,64,G,T
1232,G64V,1.6773,64,G,V
1233,G64W,1.2456,64,G,W
1234,G64Y,1.2584,64,G,Y
1235,R65A,1.6571,65,R,A
1236,R65D,2.9089,65,R,D
1237,R65E,2.8424,65,R,E
1238,R65F,2.1595,65,R,F
1239,R65G,2.0447,65,R,G
1240,R65H,1.7024,65,R,H
1241,R65I,2.075,65,R,I
1242,R65K,0.7412,65,R,K
1243,R65L,2.0376,65,R,L
1244,R65M,1.8642,65,R,M
1245,R65N,1.5174,65,R,N
1246,R65P,3.0229,65,R,P
1247,R65Q,1.9803,65,R,Q
1248,R65R,0.0,65,R,R
1249,R65S,1.5311,65,R,S
1250,R65T,1.507,65,R,T
1251,R65V,2.2924,65,R,V
1252,R65W,2.3705,65,R,W
1253,R65Y,2.1197,65,R,Y
1254,F66A,2.5128,66,F,A
1255,F66D,2.9939,66,F,D
1256,F66E,2.9137,66,F,E
1257,F66F,0.0,66,F,F
1258,F66G,3.1778,66,F,G
1259,F66H,2.2922,66,F,H
1260,F66I,1.2177,66,F,I
1261,F66K,2.8933,66,F,K
1262,F66L,1.1975,66,F,L
1263,F66M,1.2763,66,F,M
1264,F66N,2.8613,66,F,N
1265,F66P,3.1028,66,F,P
1266,F66Q,2.6496,66,F,Q
1267,F66R,2.8602,66,F,R
1268,F66S,2.7933,66,F,S
1269,F66T,2.7116,66,F,T
1270,F66V,1.6525,66,F,V
1271,F66W,-0.1974,66,F,W
1272,F66Y,0.3661,66,F,Y
1273,T67A,1.1259,67,T,A
1274,T67D,1.7077,67,T,D
1275,T67E,1.2297,67,T,E
1276,T67F,0.6467,67,T,F
1277,T67G,1.8533,67,T,G
1278,T67H,0.7573,67,T,H
1279,T67I,-0.0458,67,T,I
1280,T67K,0.6043,67,T,K
1281,T67L,0.7654,67,T,L
1282,T67M,0.7857,67,T,M
1283,T67N,1.1415,67,T,N
1284,T67P,2.2648,67,T,P
1285,T67Q,0.9045,67,T,Q
1286,T67R,0.4367,67,T,R
1287,T67S,0.7393,67,T,S
1288,T67T,0.0,67,T,T
1289,T67V,0.0343,67,T,V
1290,T67W,0.8996,67,T,W
1291,T67Y,0.6064,67,T,Y
1292,I68A,2.1209,68,I,A
1293,I68D,3.2475,68,I,D
1294,I68E,3.0563,68,I,E
1295,I68F,1.6683,68,I,F
1296,I68G,3.0819,68,I,G
1297,I68H,3.1436,68,I,H
1298,I68I,0.0,68,I,I
1299,I68K,3.1103,68,I,K
1300,I68L,1.1438,68,I,L
1301,I68M,1.5885,68,I,M
1302,I68N,3.3016,68,I,N
1303,I68P,2.9515,68,I,P
1304,I68Q,3.1006,68,I,Q
1305,I68R,3.1659,68,I,R
1306,I68S,2.8173,68,I,S
1307,I68T,2.4437,68,I,T
1308,I68V,0.7191,68,I,V
1309,I68W,2.1833,68,I,W
1310,I68Y,2.2914,68,I,Y
1311,S69A,0.2293,69,S,A
1312,S69D,0.8706,69,S,D
1313,S69E,0.3691,69,S,E
1314,S69F,0.3529,69,S,F
1315,S69G,0.88,69,S,G
1316,S69H,0.309,69,S,H
1317,S69I,0.3192,69,S,I
1318,S69K,0.3002,69,S,K
1319,S69L,0.3215,69,S,L
1320,S69M,0.1684,69,S,M
1321,S69N,0.5345,69,S,N
1322,S69P,2.425,69,S,P
1323,S69Q,0.202,69,S,Q
1324,S69R,0.255,69,S,R
1325,S69S,0.0,69,S,S
1326,S69T,-0.0917,69,S,T
1327,S69V,0.3672,69,S,V
1328,S69W,0.2298,69,S,W
1329,S69Y,0.2124,69,S,Y
1330,R70A,0.7567,70,R,A
1331,R70D,2.0177,70,R,D
1332,R70E,1.2953,70,R,E
1333,R70F,-0.3895,70,R,F
1334,R70G,1.5851,70,R,G
1335,R70H,0.459,70,R,H
1336,R70I,-0.5952,70,R,I
1337,R70K,0.3663,70,R,K
1338,R70L,-0.4475,70,R,L
1339,R70M,-0.38,70,R,M
1340,R70N,1.1768,70,R,N
1341,R70P,1.9468,70,R,P
1342,R70Q,0.5123,70,R,Q
1343,R70R,0.0,70,R,R
1344,R70S,0.7026,70,R,S
1345,R70T,0.3941,70,R,T
1346,R70V,-0.3402,70,R,V
1347,R70W,-0.5748,70,R,W
1348,R70Y,-0.3892,70,R,Y
1349,D71A,1.0619,71,D,A
1350,D71D,0.0,71,D,D
1351,D71E,0.8626,71,D,E
1352,D71F,0.8505,71,D,F
1353,D71G,1.4433,71,D,G
1354,D71H,0.7371,71,D,H
1355,D71I,0.9729,71,D,I
1356,D71K,1.2346,71,D,K
1357,D71L,0.9676,71,D,L
1358,D71M,0.9798,71,D,M
1359,D71N,0.2841,71,D,N
1360,D71P,2.1272,71,D,P
1361,D71Q,0.8299,71,D,Q
1362,D71R,1.1819,71,D,R
1363,D71S,0.3531,71,D,S
1364,D71T,0.7692,71,D,T
1365,D71V,0.7929,71,D,V
1366,D71W,0.8029,71,D,W
1367,D71Y,0.9879,71,D,Y
1368,N72A,-0.1728,72,N,A
1369,N72D,0.0163,72,N,D
1370,N72E,-0.096,72,N,E
1371,N72F,0.0456,72,N,F
1372,N72G,0.1815,72,N,G
1373,N72H,-0.0902,72,N,H
1374,N72I,-0.1778,72,N,I
1375,N72K,-0.2704,72,N,K
1376,N72L,-0.1147,72,N,L
1377,N72M,0.0008,72,N,M
1378,N72N,0.0,72,N,N
1379,N72P,0.0303,72,N,P
1380,N72Q,-0.1763,72,N,Q
1381,N72R,-0.2273,72,N,R
1382,N72S,-0.1829,72,N,S
1383,N72T,-0.1413,72,N,T
1384,N72V,-0.2099,72,N,V
1385,N72W,-0.0563,72,N,W
1386,N72Y,-0.0131,72,N,Y
1387,A73A,0.0,73,A,A
1388,A73D,0.3667,73,A,D
1389,A73E,0.2969,73,A,E
1390,A73F,0.4478,73,A,F
1391,A73G,0.3287,73,A,G
1392,A73H,0.2778,73,A,H
1393,A73I,0.2678,73,A,I
1394,A73K,0.0266,73,A,K
1395,A73L,0.15,73,A,L
1396,A73M,0.2048,73,A,M
1397,A73N,0.1858,73,A,N
1398,A73P,1.0879,73,A,P
1399,A73Q,0.127,73,A,Q
1400,A73R,0.0646,73,A,R
1401,A73S,0.1167,73,A,S
1402,A73T,0.1989,73,A,T
1403,A73V,0.2832,73,A,V
1404,A73W,0.4539,73,A,W
1405,A73Y,0.4295,73,A,Y
1406,N74A,0.6537,74,N,A
1407,N74D,0.9252,74,N,D
1408,N74E,1.111,74,N,E
1409,N74F,0.619,74,N,F
1410,N74G,0.9086,74,N,G
1411,N74H,0.2272,74,N,H
1412,N74I,0.9842,74,N,I
1413,N74K,0.5099,74,N,K
1414,N74L,0.6385,74,N,L
1415,N74M,0.6128,74,N,M
1416,N74N,0.0,74,N,N
1417,N74P,2.039,74,N,P
1418,N74Q,0.5801,74,N,Q
1419,N74R,0.4089,74,N,R
1420,N74S,0.1885,74,N,S
1421,N74T,0.1655,74,N,T
1422,N74V,0.801,74,N,V
1423,N74W,0.427,74,N,W
1424,N74Y,0.3739,74,N,Y
1425,N75A,0.1404,75,N,A
1426,N75D,0.4783,75,N,D
1427,N75E,0.5697,75,N,E
1428,N75F,0.4415,75,N,F
1429,N75G,0.339,75,N,G
1430,N75H,0.1621,75,N,H
1431,N75I,0.6587,75,N,I
1432,N75K,0.1811,75,N,K
1433,N75L,0.3493,75,N,L
1434,N75M,0.2887,75,N,M
1435,N75N,0.0,75,N,N
1436,N75P,1.453,75,N,P
1437,N75Q,0.1407,75,N,Q
1438,N75R,0.2453,75,N,R
1439,N75S,0.0352,75,N,S
1440,N75T,0.159,75,N,T
1441,N75V,0.5624,75,N,V
1442,N75W,0.3996,75,N,W
1443,N75Y,0.4039,75,N,Y
1444,A76A,0.0,76,A,A
1445,A76D,2.0784,76,A,D
1446,A76E,1.0603,76,A,E
1447,A76F,0.8317,76,A,F
1448,A76G,1.3757,76,A,G
1449,A76H,1.1265,76,A,H
1450,A76I,0.4253,76,A,I
1451,A76K,0.4679,76,A,K
1452,A76L,0.5655,76,A,L
1453,A76M,0.1496,76,A,M
1454,A76N,1.5114,76,A,N
1455,A76P,2.8585,76,A,P
1456,A76Q,0.4607,76,A,Q
1457,A76R,0.4607,76,A,R
1458,A76S,-0.1133,76,A,S
1459,A76T,0.0495,76,A,T
1460,A76V,0.4783,76,A,V
1461,A76W,0.9953,76,A,W
1462,A76Y,1.0319,76,A,Y
1463,A77A,0.0,77,A,A
1464,A77D,2.4979,77,A,D
1465,A77E,1.7682,77,A,E
1466,A77F,-0.1308,77,A,F
1467,A77G,1.6805,77,A,G
1468,A77H,1.605,77,A,H
1469,A77I,-1.1281,77,A,I
1470,A77K,2.0824,77,A,K
1471,A77L,-0.329,77,A,L
1472,A77M,-0.4959,77,A,M
1473,A77N,2.1257,77,A,N
1474,A77P,2.3723,77,A,P
1475,A77Q,1.468,77,A,Q
1476,A77R,1.8619,77,A,R
1477,A77S,0.398,77,A,S
1478,A77T,-0.087,77,A,T
1479,A77V,-0.8238,77,A,V
1480,A77W,0.3202,77,A,W
1481,A77Y,0.4519,77,A,Y
1482,T78A,0.9294,78,T,A
1483,T78D,1.2708,78,T,D
1484,T78E,0.809,78,T,E
1485,T78F,-0.0268,78,T,F
1486,T78G,1.6734,78,T,G
1487,T78H,0.3029,78,T,H
1488,T78I,0.4732,78,T,I
1489,T78K,1.1336,78,T,K
1490,T78L,0.6659,78,T,L
1491,T78M,0.6159,78,T,M
1492,T78N,0.6434,78,T,N
1493,T78P,2.8814,78,T,P
1494,T78Q,0.8435,78,T,Q
1495,T78R,0.9085,78,T,R
1496,T78S,0.3716,78,T,S
1497,T78T,0.0,78,T,T
1498,T78V,0.2304,78,T,V
1499,T78W,-0.0491,78,T,W
1500,T78Y,-0.1984,78,T,Y
1501,L79A,3.1414,79,L,A
1502,L79D,3.5159,79,L,D
1503,L79E,3.4859,79,L,E
1504,L79F,2.2982,79,L,F
1505,L79G,3.7325,79,L,G
1506,L79H,3.5261,79,L,H
1507,L79I,1.8795,79,L,I
1508,L79K,3.5702,79,L,K
1509,L79L,0.0,79,L,L
1510,L79M,1.6273,79,L,M
1511,L79N,3.5007,79,L,N
1512,L79P,3.7997,79,L,P
1513,L79Q,3.6092,79,L,Q
1514,L79R,3.6151,79,L,R
1515,L79S,3.6234,79,L,S
1516,L79T,3.7098,79,L,T
1517,L79V,2.3816,79,L,V
1518,L79W,2.7494,79,L,W
1519,L79Y,2.8734,79,L,Y
1520,Q80A,0.3667,80,Q,A
1521,Q80D,0.5242,80,Q,D
1522,Q80E,0.3612,80,Q,E
1523,Q80F,0.1632,80,Q,F
1524,Q80G,1.2983,80,Q,G
1525,Q80H,0.2434,80,Q,H
1526,Q80I,0.0457,80,Q,I
1527,Q80K,0.4476,80,Q,K
1528,Q80L,0.2253,80,Q,L
1529,Q80M,0.2097,80,Q,M
1530,Q80N,0.6016,80,Q,N
1531,Q80P,2.3974,80,Q,P
1532,Q80Q,0.0,80,Q,Q
1533,Q80R,0.4445,80,Q,R
1534,Q80S,0.5376,80,Q,S
1535,Q80T,0.4251,80,Q,T
1536,Q80V,0.0126,80,Q,V
1537,Q80W,0.0025,80,Q,W
1538,Q80Y,0.1007,80,Q,Y
1539,M81A,2.1213,81,M,A
1540,M81D,3.626,81,M,D
1541,M81E,3.2901,81,M,E
1542,M81F,1.2603,81,M,F
1543,M81G,3.0209,81,M,G
1544,M81H,2.916,81,M,H
1545,M81I,0.6325,81,M,I
1546,M81K,3.3653,81,M,K
1547,M81L,0.5637,81,M,L
1548,M81M,0.0,81,M,M
1549,M81N,3.4505,81,M,N
1550,M81P,3.0952,81,M,P
1551,M81Q,2.5512,81,M,Q
1552,M81R,3.0788,81,M,R
1553,M81S,2.7994,81,M,S
1554,M81T,2.8434,81,M,T
1555,M81V,1.3815,81,M,V
1556,M81W,1.923,81,M,W
1557,M81Y,2.1416,81,M,Y
1558,D82A,-0.1707,82,D,A
1559,D82D,0.0,82,D,D
1560,D82E,0.0291,82,D,E
1561,D82F,-0.1122,82,D,F
1562,D82G,0.1363,82,D,G
1563,D82H,-0.2225,82,D,H
1564,D82I,0.2399,82,D,I
1565,D82K,-0.1259,82,D,K
1566,D82L,0.0302,82,D,L
1567,D82M,-0.0308,82,D,M
1568,D82N,-0.3039,82,D,N
1569,D82P,2.0621,82,D,P
1570,D82Q,-0.0533,82,D,Q
1571,D82R,-0.1961,82,D,R
1572,D82S,-0.2498,82,D,S
1573,D82T,-0.2247,82,D,T
1574,D82V,0.2377,82,D,V
1575,D82W,0.0705,82,D,W
1576,D82Y,-0.0752,82,D,Y
1577,S83A,0.1563,83,S,A
1578,S83D,-0.2226,83,S,D
1579,S83E,0.0762,83,S,E
1580,S83F,0.2804,83,S,F
1581,S83G,0.4935,83,S,G
1582,S83H,0.0625,83,S,H
1583,S83I,0.5763,83,S,I
1584,S83K,0.2053,83,S,K
1585,S83L,0.0974,83,S,L
1586,S83M,0.0432,83,S,M
1587,S83N,-0.3911,83,S,N
1588,S83P,2.4575,83,S,P
1589,S83Q,0.0,83,S,Q
1590,S83R,0.2268,83,S,R
1591,S83S,0.0,83,S,S
1592,S83T,0.2511,83,S,T
1593,S83V,0.5702,83,S,V
1594,S83W,0.3059,83,S,W
1595,S83Y,0.3561,83,S,Y
1596,L84A,1.6308,84,L,A
1597,L84D,1.6901,84,L,D
1598,L84E,1.7322,84,L,E
1599,L84F,1.4143,84,L,F
1600,L84G,1.4569,84,L,G
1601,L84H,1.9395,84,L,H
1602,L84I,1.2148,84,L,I
1603,L84K,2.0017,84,L,K
1604,L84L,0.0,84,L,L
1605,L84M,0.9109,84,L,M
1606,L84N,1.9517,84,L,N
1607,L84P,1.9207,84,L,P
1608,L84Q,1.7726,84,L,Q
1609,L84R,2.1785,84,L,R
1610,L84S,1.9856,84,L,S
1611,L84T,1.6965,84,L,T
1612,L84V,1.3505,84,L,V
1613,L84W,1.821,84,L,W
1614,L84Y,1.7177,84,L,Y
1615,K85A,0.4335,85,K,A
1616,K85D,0.976,85,K,D
1617,K85E,0.1846,85,K,E
1618,K85F,0.9298,85,K,F
1619,K85G,0.9656,85,K,G
1620,K85H,0.4047,85,K,H
1621,K85I,0.5937,85,K,I
1622,K85K,0.0,85,K,K
1623,K85L,0.3487,85,K,L
1624,K85M,0.3728,85,K,M
1625,K85N,0.5792,85,K,N
1626,K85P,1.8694,85,K,P
1627,K85Q,-0.1786,85,K,Q
1628,K85R,0.2482,85,K,R
1629,K85S,0.304,85,K,S
1630,K85T,-0.2355,85,K,T
1631,K85V,0.3524,85,K,V
1632,K85W,1.1071,85,K,W
1633,K85Y,0.9669,85,K,Y
1634,P86A,0.2929,86,P,A
1635,P86D,1.1138,86,P,D
1636,P86E,0.5662,86,P,E
1637,P86F,0.5786,86,P,F
1638,P86G,0.8125,86,P,G
1639,P86H,0.9609,86,P,H
1640,P86I,0.274,86,P,I
1641,P86K,0.7092,86,P,K
1642,P86L,0.5164,86,P,L
1643,P86M,0.4543,86,P,M
1644,P86N,1.0792,86,P,N
1645,P86P,0.0,86,P,P
1646,P86Q,0.6357,86,P,Q
1647,P86R,0.8101,86,P,R
1648,P86S,0.5883,86,P,S
1649,P86T,0.5004,86,P,T
1650,P86V,0.1691,86,P,V
1651,P86W,0.6688,86,P,W
1652,P86Y,0.7053,86,P,Y
1653,E87A,0.5241,87,E,A
1654,E87D,0.0928,87,E,D
1655,E87E,0.0,87,E,E
1656,E87F,0.9999,87,E,F
1657,E87G,0.8395,87,E,G
1658,E87H,0.845,87,E,H
1659,E87I,0.9541,87,E,I
1660,E87K,1.2139,87,E,K
1661,E87L,1.0546,87,E,L
1662,E87M,0.827,87,E,M
1663,E87N,0.9021,87,E,N
1664,E87P,0.792,87,E,P
1665,E87Q,0.5749,87,E,Q
1666,E87R,1.2748,87,E,R
1667,E87S,0.4143,87,E,S
1668,E87T,0.6649,87,E,T
1669,E87V,1.0777,87,E,V
1670,E87W,0.7582,87,E,W
1671,E87Y,0.9107,87,E,Y
1672,D88A,2.4483,88,D,A
1673,D88D,0.0,88,D,D
1674,D88E,1.7694,88,D,E
1675,D88F,2.5733,88,D,F
1676,D88G,2.6764,88,D,G
1677,D88H,2.1657,88,D,H
1678,D88I,2.958,88,D,I
1679,D88K,3.285,88,D,K
1680,D88L,3.0535,88,D,L
1681,D88M,2.7936,88,D,M
1682,D88N,1.5718,88,D,N
1683,D88P,2.9035,88,D,P
1684,D88Q,2.4161,88,D,Q
1685,D88R,3.1665,88,D,R
1686,D88S,1.8123,88,D,S
1687,D88T,2.5092,88,D,T
1688,D88V,2.9159,88,D,V
1689,D88W,2.1377,88,D,W
1690,D88Y,2.478,88,D,Y
1691,T89A,2.9629,89,T,A
1692,T89D,3.4147,89,T,D
1693,T89E,3.5711,89,T,E
1694,T89F,2.9865,89,T,F
1695,T89G,3.2255,89,T,G
1696,T89H,3.5038,89,T,H
1697,T89I,3.1478,89,T,I
1698,T89K,3.5923,89,T,K
1699,T89L,3.2746,89,T,L
1700,T89M,3.1027,89,T,M
1701,T89N,3.0096,89,T,N
1702,T89P,3.8991,89,T,P
1703,T89Q,3.4588,89,T,Q
1704,T89R,3.4283,89,T,R
1705,T89S,1.1765,89,T,S
1706,T89T,0.0,89,T,T
1707,T89V,3.1443,89,T,V
1708,T89W,3.2854,89,T,W
1709,T89Y,3.1564,89,T,Y
1710,A90A,0.0,90,A,A
1711,A90D,3.3565,90,A,D
1712,A90E,3.671,90,A,E
1713,A90F,2.5895,90,A,F
1714,A90G,1.4793,90,A,G
1715,A90H,3.2013,90,A,H
1716,A90I,2.5365,90,A,I
1717,A90K,3.0997,90,A,K
1718,A90L,2.9953,90,A,L
1719,A90M,2.5763,90,A,M
1720,A90N,3.3903,90,A,N
1721,A90P,3.2515,90,A,P
1722,A90Q,3.1919,90,A,Q
1723,A90R,2.8832,90,A,R
1724,A90S,1.7497,90,A,S
1725,A90T,2.3075,90,A,T
1726,A90V,1.881,90,A,V
1727,A90W,2.4027,90,A,W
1728,A90Y,2.7105,90,A,Y
1729,V91A,1.3162,91,V,A
1730,V91D,1.4113,91,V,D
1731,V91E,1.0263,91,V,E
1732,V91F,0.5161,91,V,F
1733,V91G,2.54,91,V,G
1734,V91H,1.1676,91,V,H
1735,V91I,-0.1173,91,V,I
1736,V91K,1.2763,91,V,K
1737,V91L,0.1611,91,V,L
1738,V91M,0.4261,91,V,M
1739,V91N,1.5135,91,V,N
1740,V91P,2.7505,91,V,P
1741,V91Q,0.8934,91,V,Q
1742,V91R,1.4332,91,V,R
1743,V91S,1.4185,91,V,S
1744,V91T,0.6473,91,V,T
1745,V91V,0.0,91,V,V
1746,V91W,0.7482,91,V,W
1747,V91Y,0.7021,91,V,Y
1748,Y92A,3.8645,92,Y,A
1749,Y92D,4.4085,92,Y,D
1750,Y92E,4.171,92,Y,E
1751,Y92F,1.0414,92,Y,F
1752,Y92G,4.0911,92,Y,G
1753,Y92H,2.7867,92,Y,H
1754,Y92I,3.2187,92,Y,I
1755,Y92K,4.043,92,Y,K
1756,Y92L,3.1873,92,Y,L
1757,Y92M,3.2575,92,Y,M
1758,Y92N,4.0691,92,Y,N
1759,Y92P,3.9804,92,Y,P
1760,Y92Q,4.0696,92,Y,Q
1761,Y92R,3.5863,92,Y,R
1762,Y92S,4.3151,92,Y,S
1763,Y92T,4.0097,92,Y,T
1764,Y92V,3.346,92,Y,V
1765,Y92W,1.5367,92,Y,W
1766,Y92Y,0.0,92,Y,Y
1767,Y93A,3.0648,93,Y,A
1768,Y93D,3.0152,93,Y,D
1769,Y93E,2.4582,93,Y,E
1770,Y93F,0.0446,93,Y,F
1771,Y93G,3.7529,93,Y,G
1772,Y93H,2.2449,93,Y,H
1773,Y93I,1.5892,93,Y,I
1774,Y93K,3.2408,93,Y,K
1775,Y93L,1.9649,93,Y,L
1776,Y93M,2.1185,93,Y,M
1777,Y93N,3.0726,93,Y,N
1778,Y93P,3.9281,93,Y,P
1779,Y93Q,2.9586,93,Y,Q
1780,Y93R,2.983,93,Y,R
1781,Y93S,2.784,93,Y,S
1782,Y93T,2.2338,93,Y,T
1783,Y93V,1.5746,93,Y,V
1784,Y93W,0.6049,93,Y,W
1785,Y93Y,0.0,93,Y,Y
1786,C94A,0.7794,94,C,A
1787,C94D,1.1796,94,C,D
1788,C94E,1.6924,94,C,E
1789,C94F,-0.6486,94,C,F
1790,C94G,1.9401,94,C,G
1791,C94H,0.9907,94,C,H
1792,C94I,0.1699,94,C,I
1793,C94K,1.3763,94,C,K
1794,C94L,0.3201,94,C,L
1795,C94M,0.7174,94,C,M
1796,C94N,1.3281,94,C,N
1797,C94P,0.8797,94,C,P
1798,C94Q,1.5294,94,C,Q
1799,C94R,1.4903,94,C,R
1800,C94S,1.0196,94,C,S
1801,C94T,1.0626,94,C,T
1802,C94V,0.0363,94,C,V
1803,C94W,0.2678,94,C,W
1804,C94Y,-0.1288,94,C,Y
1805,N95A,-0.167,95,N,A
1806,N95D,0.9036,95,N,D
1807,N95E,0.7637,95,N,E
1808,N95F,-0.9613,95,N,F
1809,N95G,0.2652,95,N,G
1810,N95H,-0.384,95,N,H
1811,N95I,-0.017,95,N,I
1812,N95K,-0.4468,95,N,K
1813,N95L,-0.0186,95,N,L
1814,N95M,-0.2053,95,N,M
1815,N95N,0.0,95,N,N
1816,N95P,1.3318,95,N,P
1817,N95Q,-0.0473,95,N,Q
1818,N95R,-0.6292,95,N,R
1819,N95S,-0.2092,95,N,S
1820,N95T,-0.1079,95,N,T
1821,N95V,-0.4023,95,N,V
1822,N95W,-1.0823,95,N,W
1823,N95Y,-1.0951,95,N,Y
1824,A96A,0.0,96,A,A
1825,A96D,2.5139,96,A,D
1826,A96E,2.1986,96,A,E
1827,A96F,1.2149,96,A,F
1828,A96G,1.8515,96,A,G
1829,A96H,2.2374,96,A,H
1830,A96I,0.299,96,A,I
1831,A96K,2.7162,96,A,K
1832,A96L,0.5203,96,A,L
1833,A96M,0.9373,96,A,M
1834,A96N,2.2908,96,A,N
1835,A96P,2.4854,96,A,P
1836,A96Q,2.4159,96,A,Q
1837,A96R,2.7758,96,A,R
1838,A96S,1.4001,96,A,S
1839,A96T,1.3206,96,A,T
1840,A96V,0.0464,96,A,V
1841,A96W,1.6714,96,A,W
1842,A96Y,1.5869,96,A,Y
1843,D97A,-0.3828,97,D,A
1844,D97D,0.0,97,D,D
1845,D97E,-0.6326,97,D,E
1846,D97F,-1.6388,97,D,F
1847,D97G,0.3742,97,D,G
1848,D97H,-1.1878,97,D,H
1849,D97I,-1.1833,97,D,I
1850,D97K,-1.1119,97,D,K
1851,D97L,-1.1755,97,D,L
1852,D97M,-1.34,97,D,M
1853,D97N,-0.7699,97,D,N
1854,D97P,1.4703,97,D,P
1855,D97Q,-1.0764,97,D,Q
1856,D97R,-1.3844,97,D,R
1857,D97S,-0.9423,97,D,S
1858,D97T,-1.4951,97,D,T
1859,D97V,-1.2851,97,D,V
1860,D97W,-1.9236,97,D,W
1861,D97Y,-1.7225,97,D,Y
1862,G98A,2.0487,98,G,A
1863,G98D,2.7552,98,G,D
1864,G98E,2.8516,98,G,E
1865,G98F,1.6743,98,G,F
1866,G98G,0.0,98,G,G
1867,G98H,2.414,98,G,H
1868,G98I,2.2938,98,G,I
1869,G98K,2.7521,98,G,K
1870,G98L,2.2195,98,G,L
1871,G98M,2.0777,98,G,M
1872,G98N,2.6811,98,G,N
1873,G98P,2.5187,98,G,P
1874,G98Q,2.6439,98,G,Q
1875,G98R,2.5945,98,G,R
1876,G98S,2.4796,98,G,S
1877,G98T,2.6385,98,G,T
1878,G98V,2.236,98,G,V
1879,G98W,1.993,98,G,W
1880,G98Y,1.862,98,G,Y
1881,R99A,0.8805,99,R,A
1882,R99D,1.1982,99,R,D
1883,R99E,0.6268,99,R,E
1884,R99F,-0.5516,99,R,F
1885,R99G,1.7587,99,R,G
1886,R99H,0.1837,99,R,H
1887,R99I,-0.3088,99,R,I
1888,R99K,0.3484,99,R,K
1889,R99L,-0.1565,99,R,L
1890,R99M,-0.1572,99,R,M
1891,R99N,0.7225,99,R,N
1892,R99P,2.4378,99,R,P
1893,R99Q,0.4062,99,R,Q
1894,R99R,0.0,99,R,R
1895,R99S,0.5281,99,R,S
1896,R99T,0.0554,99,R,T
1897,R99V,-0.0838,99,R,V
1898,R99W,-0.4584,99,R,W
1899,R99Y,-0.4622,99,R,Y
1900,R100A,-0.2509,100,R,A
1901,R100D,-0.1497,100,R,D
1902,R100E,-0.6463,100,R,E
1903,R100F,-1.0512,100,R,F
1904,R100G,0.3728,100,R,G
1905,R100H,-0.5893,100,R,H
1906,R100I,-0.6278,100,R,I
1907,R100K,0.2641,100,R,K
1908,R100L,-0.458,100,R,L
1909,R100M,-0.5458,100,R,M
1910,R100N,0.0983,100,R,N
1911,R100P,1.2717,100,R,P
1912,R100Q,-0.2365,100,R,Q
1913,R100R,0.0,100,R,R
1914,R100S,-0.14,100,R,S
1915,R100T,-0.3149,100,R,T
1916,R100V,-0.4856,100,R,V
1917,R100W,-1.0957,100,R,W
1918,R100Y,-1.3213,100,R,Y
1919,F101A,3.4943,101,F,A
1920,F101D,3.114,101,F,D
1921,F101E,3.0407,101,F,E
1922,F101F,0.0,101,F,F
1923,F101G,3.8698,101,F,G
1924,F101H,2.1129,101,F,H
1925,F101I,2.5869,101,F,I
1926,F101K,3.3294,101,F,K
1927,F101L,2.1996,101,F,L
1928,F101M,2.4111,101,F,M
1929,F101N,2.7225,101,F,N
1930,F101P,3.7424,101,F,P
1931,F101Q,3.2275,101,F,Q
1932,F101R,3.0401,101,F,R
1933,F101S,3.1006,101,F,S
1934,F101T,2.9208,101,F,T
1935,F101V,2.617,101,F,V
1936,F101W,0.2496,101,F,W
1937,F101Y,0.4451,101,F,Y
1938,D102A,1.9422,102,D,A
1939,D102D,0.0,102,D,D
1940,D102E,1.6471,102,D,E
1941,D102F,1.9603,102,D,F
1942,D102G,1.952,102,D,G
1943,D102H,1.7492,102,D,H
1944,D102I,2.2544,102,D,I
1945,D102K,2.2662,102,D,K
1946,D102L,2.1421,102,D,L
1947,D102M,2.2281,102,D,M
1948,D102N,0.9545,102,D,N
1949,D102P,2.2423,102,D,P
1950,D102Q,2.0957,102,D,Q
1951,D102R,2.1705,102,D,R
1952,D102S,1.337,102,D,S
1953,D102T,1.7335,102,D,T
1954,D102V,2.2231,102,D,V
1955,D102W,1.9419,102,D,W
1956,D102Y,2.0458,102,D,Y
1957,G103A,1.2383,103,G,A
1958,G103D,1.0599,103,G,D
1959,G103E,1.2873,103,G,E
1960,G103F,1.1138,103,G,F
1961,G103G,0.0,103,G,G
1962,G103H,1.1734,103,G,H
1963,G103I,1.5421,103,G,I
1964,G103K,1.4252,103,G,K
1965,G103L,1.3704,103,G,L
1966,G103M,1.2885,103,G,M
1967,G103N,1.0975,103,G,N
1968,G103P,1.6842,103,G,P
1969,G103Q,1.3859,103,G,Q
1970,G103R,1.4155,103,G,R
1971,G103S,1.2237,103,G,S
1972,G103T,1.4493,103,G,T
1973,G103V,1.6391,103,G,V
1974,G103W,1.2428,103,G,W
1975,G103Y,1.2033,103,G,Y
1976,A104A,0.0,104,A,A
1977,A104D,-0.0079,104,A,D
1978,A104E,-0.3541,104,A,E
1979,A104F,-0.4653,104,A,F
1980,A104G,0.4875,104,A,G
1981,A104H,-0.3141,104,A,H
1982,A104I,-0.3611,104,A,I
1983,A104K,-0.0706,104,A,K
1984,A104L,-0.3763,104,A,L
1985,A104M,-0.3272,104,A,M
1986,A104N,-0.1578,104,A,N
1987,A104P,1.2946,104,A,P
1988,A104Q,-0.2797,104,A,Q
1989,A104R,-0.0752,104,A,R
1990,A104S,-0.1643,104,A,S
1991,A104T,-0.4498,104,A,T
1992,A104V,-0.3855,104,A,V
1993,A104W,-0.405,104,A,W
1994,A104Y,-0.4087,104,A,Y
1995,R105A,0.2666,105,R,A
1996,R105D,0.7868,105,R,D
1997,R105E,0.4702,105,R,E
1998,R105F,0.5254,105,R,F
1999,R105G,0.86,105,R,G
2000,R105H,0.3345,105,R,H
2001,R105I,0.3744,105,R,I
2002,R105K,0.1735,105,R,K
2003,R105L,0.4941,105,R,L
2004,R105M,0.4486,105,R,M
2005,R105N,0.3843,105,R,N
2006,R105P,2.1453,105,R,P
2007,R105Q,0.3293,105,R,Q
2008,R105R,0.0,105,R,R
2009,R105S,0.3054,105,R,S
2010,R105T,0.274,105,R,T
2011,R105V,0.173,105,R,V
2012,R105W,0.5794,105,R,W
2013,R105Y,0.4694,105,R,Y
2014,W106A,1.659,106,W,A
2015,W106D,1.6302,106,W,D
2016,W106E,1.3172,106,W,E
2017,W106F,0.8107,106,W,F
2018,W106G,2.1878,106,W,G
2019,W106H,1.5837,106,W,H
2020,W106I,1.2386,106,W,I
2021,W106K,1.9562,106,W,K
2022,W106L,1.0065,106,W,L
2023,W106M,1.0273,106,W,M
2024,W106N,1.8029,106,W,N
2025,W106P,2.0917,106,W,P
2026,W106Q,1.4822,106,W,Q
2027,W106R,1.9967,106,W,R
2028,W106S,1.6693,106,W,S
2029,W106T,1.4992,106,W,T
2030,W106V,1.2051,106,W,V
2031,W106W,0.0,106,W,W
2032,W106Y,0.8235,106,W,Y
2033,R107A,0.8643,107,R,A
2034,R107D,1.3994,107,R,D
2035,R107E,0.6203,107,R,E
2036,R107F,0.1338,107,R,F
2037,R107G,1.6368,107,R,G
2038,R107H,0.5944,107,R,H
2039,R107I,-0.0256,107,R,I
2040,R107K,0.2776,107,R,K
2041,R107L,0.2802,107,R,L
2042,R107M,0.2515,107,R,M
2043,R107N,1.0737,107,R,N
2044,R107P,2.8279,107,R,P
2045,R107Q,0.5222,107,R,Q
2046,R107R,0.0,107,R,R
2047,R107S,0.8994,107,R,S
2048,R107T,0.5071,107,R,T
2049,R107V,0.0196,107,R,V
2050,R107W,0.4639,107,R,W
2051,R107Y,0.3148,107,R,Y
2052,E108A,0.315,108,E,A
2053,E108D,0.3236,108,E,D
2054,E108E,0.0,108,E,E
2055,E108F,0.1284,108,E,F
2056,E108G,0.8697,108,E,G
2057,E108H,0.1964,108,E,H
2058,E108I,0.1442,108,E,I
2059,E108K,0.3038,108,E,K
2060,E108L,0.1448,108,E,L
2061,E108M,0.2758,108,E,M
2062,E108N,0.3466,108,E,N
2063,E108P,0.6909,108,E,P
2064,E108Q,0.2151,108,E,Q
2065,E108R,0.3575,108,E,R
2066,E108S,0.2958,108,E,S
2067,E108T,0.1413,108,E,T
2068,E108V,0.0898,108,E,V
2069,E108W,-0.0264,108,E,W
2070,E108Y,0.0619,108,E,Y
2071,Y109A,2.605,109,Y,A
2072,Y109D,2.392,109,Y,D
2073,Y109E,2.2244,109,Y,E
2074,Y109F,-0.4204,109,Y,F
2075,Y109G,2.8574,109,Y,G
2076,Y109H,1.9807,109,Y,H
2077,Y109I,1.6246,109,Y,I
2078,Y109K,2.6835,109,Y,K
2079,Y109L,1.7304,109,Y,L
2080,Y109M,1.7532,109,Y,M
2081,Y109N,2.5765,109,Y,N
2082,Y109P,2.6881,109,Y,P
2083,Y109Q,2.5897,109,Y,Q
2084,Y109R,2.4952,109,Y,R
2085,Y109S,2.4358,109,Y,S
2086,Y109T,2.1965,109,Y,T
2087,Y109V,1.6597,109,Y,V
2088,Y109W,0.3285,109,Y,W
2089,Y109Y,0.0,109,Y,Y
2090,E110A,0.3497,110,E,A
2091,E110D,0.7816,110,E,D
2092,E110E,0.0,110,E,E
2093,E110F,0.0755,110,E,F
2094,E110G,1.043,110,E,G
2095,E110H,0.0529,110,E,H
2096,E110I,-0.355,110,E,I
2097,E110K,-0.1717,110,E,K
2098,E110L,0.0346,110,E,L
2099,E110M,-0.1034,110,E,M
2100,E110N,0.4998,110,E,N
2101,E110P,1.8892,110,E,P
2102,E110Q,-0.4489,110,E,Q
2103,E110R,-0.0246,110,E,R
2104,E110S,0.0761,110,E,S
2105,E110T,-0.289,110,E,T
2106,E110V,-0.4412,110,E,V
2107,E110W,0.1483,110,E,W
2108,E110Y,0.1848,110,E,Y
2109,S111A,-0.0471,111,S,A
2110,S111D,1.206,111,S,D
2111,S111E,0.0419,111,S,E
2112,S111F,-0.9676,111,S,F
2113,S111G,1.4842,111,S,G
2114,S111H,0.0461,111,S,H
2115,S111I,-0.4754,111,S,I
2116,S111K,1.0944,111,S,K
2117,S111L,-0.442,111,S,L
2118,S111M,-0.8361,111,S,M
2119,S111N,0.8967,111,S,N
2120,S111P,2.8414,111,S,P
2121,S111Q,0.2292,111,S,Q
2122,S111R,0.7494,111,S,R
2123,S111S,0.0,111,S,S
2124,S111T,-0.0129,111,S,T
2125,S111V,-0.6372,111,S,V
2126,S111W,-0.693,111,S,W
2127,S111Y,-0.5872,111,S,Y
2128,W112A,2.1817,112,W,A
2129,W112D,2.086,112,W,D
2130,W112E,1.9022,112,W,E
2131,W112F,0.615,112,W,F
2132,W112G,2.3214,112,W,G
2133,W112H,1.5917,112,W,H
2134,W112I,1.7395,112,W,I
2135,W112K,1.9321,112,W,K
2136,W112L,1.4625,112,W,L
2137,W112M,1.3991,112,W,M
2138,W112N,1.9376,112,W,N
2139,W112P,2.4204,112,W,P
2140,W112Q,1.7382,112,W,Q
2141,W112R,1.9739,112,W,R
2142,W112S,1.8882,112,W,S
2143,W112T,1.7209,112,W,T
2144,W112V,1.6476,112,W,V
2145,W112W,0.0,112,W,W
2146,W112Y,0.5994,112,W,Y
2147,G113A,0.9801,113,G,A
2148,G113D,1.3603,113,G,D
2149,G113E,1.7116,113,G,E
2150,G113F,0.1812,113,G,F
2151,G113G,0.0,113,G,G
2152,G113H,1.1752,113,G,H
2153,G113I,0.4772,113,G,I
2154,G113K,1.2295,113,G,K
2155,G113L,0.6717,113,G,L
2156,G113M,0.7225,113,G,M
2157,G113N,1.3496,113,G,N
2158,G113P,1.3829,113,G,P
2159,G113Q,1.3227,113,G,Q
2160,G113R,1.2446,113,G,R
2161,G113S,0.8858,113,G,S
2162,G113T,0.9721,113,G,T
2163,G113V,0.6088,113,G,V
2164,G113W,0.7689,113,G,W
2165,G113Y,0.6782,113,G,Y
2166,Q114A,0.0913,114,Q,A
2167,Q114D,0.0042,114,Q,D
2168,Q114E,0.0608,114,Q,E
2169,Q114F,0.4406,114,Q,F
2170,Q114G,0.2401,114,Q,G
2171,Q114H,0.2352,114,Q,H
2172,Q114I,0.5607,114,Q,I
2173,Q114K,0.4333,114,Q,K
2174,Q114L,0.5467,114,Q,L
2175,Q114M,0.3449,114,Q,M
2176,Q114N,0.3402,114,Q,N
2177,Q114P,0.9957,114,Q,P
2178,Q114Q,0.0,114,Q,Q
2179,Q114R,0.5564,114,Q,R
2180,Q114S,-0.0308,114,Q,S
2181,Q114T,0.0883,114,Q,T
2182,Q114V,0.6155,114,Q,V
2183,Q114W,0.2187,114,Q,W
2184,Q114Y,0.3657,114,Q,Y
2185,G115A,1.9614,115,G,A
2186,G115D,2.7589,115,G,D
2187,G115E,2.8819,115,G,E
2188,G115F,1.9268,115,G,F
2189,G115G,0.0,115,G,G
2190,G115H,2.4664,115,G,H
2191,G115I,2.5227,115,G,I
2192,G115K,2.8157,115,G,K
2193,G115L,2.5142,115,G,L
2194,G115M,2.272,115,G,M
2195,G115N,2.7407,115,G,N
2196,G115P,2.5133,115,G,P
2197,G115Q,2.7255,115,G,Q
2198,G115R,2.5303,115,G,R
2199,G115S,2.4226,115,G,S
2200,G115T,2.5968,115,G,T
2201,G115V,2.4715,115,G,V
2202,G115W,2.0834,115,G,W
2203,G115Y,2.0304,115,G,Y
2204,T116A,0.6443,116,T,A
2205,T116D,1.6575,116,T,D
2206,T116E,1.2875,116,T,E
2207,T116F,0.2509,116,T,F
2208,T116G,1.8012,116,T,G
2209,T116H,1.4258,116,T,H
2210,T116I,-1.0089,116,T,I
2211,T116K,1.7649,116,T,K
2212,T116L,-0.5036,116,T,L
2213,T116M,-0.3475,116,T,M
2214,T116N,1.7036,116,T,N
2215,T116P,1.9045,116,T,P
2216,T116Q,1.2041,116,T,Q
2217,T116R,1.5007,116,T,R
2218,T116S,0.9384,116,T,S
2219,T116T,0.0,116,T,T
2220,T116V,-0.7147,116,T,V
2221,T116W,0.7533,116,T,W
2222,T116Y,0.8295,116,T,Y
2223,Q117A,0.3122,117,Q,A
2224,Q117D,0.4959,117,Q,D
2225,Q117E,0.0537,117,Q,E
2226,Q117F,-0.1509,117,Q,F
2227,Q117G,0.7713,117,Q,G
2228,Q117H,-0.1279,117,Q,H
2229,Q117I,0.013,117,Q,I
2230,Q117K,0.2361,117,Q,K
2231,Q117L,0.1871,117,Q,L
2232,Q117M,0.1511,117,Q,M
2233,Q117N,0.3728,117,Q,N
2234,Q117P,0.2493,117,Q,P
2235,Q117Q,0.0,117,Q,Q
2236,Q117R,0.3105,117,Q,R
2237,Q117S,0.2354,117,Q,S
2238,Q117T,0.1773,117,Q,T
2239,Q117V,0.029,117,Q,V
2240,Q117W,-0.1645,117,Q,W
2241,Q117Y,-0.2014,117,Q,Y
2242,V118A,1.8279,118,V,A
2243,V118D,3.1607,118,V,D
2244,V118E,3.1616,118,V,E
2245,V118F,2.0888,118,V,F
2246,V118G,2.8977,118,V,G
2247,V118H,3.255,118,V,H
2248,V118I,0.5066,118,V,I
2249,V118K,3.3184,118,V,K
2250,V118L,0.6377,118,V,L
2251,V118M,1.5641,118,V,M
2252,V118N,3.3529,118,V,N
2253,V118P,2.7735,118,V,P
2254,V118Q,3.1517,118,V,Q
2255,V118R,3.2706,118,V,R
2256,V118S,3.0535,118,V,S
2257,V118T,2.4358,118,V,T
2258,V118V,0.0,118,V,V
2259,V118W,2.7123,118,V,W
2260,V118Y,2.7895,118,V,Y
2261,T119A,1.0415,119,T,A
2262,T119D,1.5654,119,T,D
2263,T119E,0.7982,119,T,E
2264,T119F,0.3271,119,T,F
2265,T119G,1.8292,119,T,G
2266,T119H,0.5661,119,T,H
2267,T119I,0.0862,119,T,I
2268,T119K,0.7788,119,T,K
2269,T119L,0.5155,119,T,L
2270,T119M,0.5069,119,T,M
2271,T119N,1.0687,119,T,N
2272,T119P,2.5336,119,T,P
2273,T119Q,0.7596,119,T,Q
2274,T119R,0.5822,119,T,R
2275,T119S,0.5768,119,T,S
2276,T119T,0.0,119,T,T
2277,T119V,0.1199,119,T,V
2278,T119W,0.2997,119,T,W
2279,T119Y,0.149,119,T,Y
2280,I120A,1.4572,120,I,A
2281,I120D,1.9641,120,I,D
2282,I120E,2.3211,120,I,E
2283,I120F,1.5143,120,I,F
2284,I120G,2.286,120,I,G
2285,I120H,2.2469,120,I,H
2286,I120I,0.0,120,I,I
2287,I120K,2.4452,120,I,K
2288,I120L,0.7926,120,I,L
2289,I120M,1.6358,120,I,M
2290,I120N,2.2551,120,I,N
2291,I120P,1.6203,120,I,P
2292,I120Q,2.5065,120,I,Q
2293,I120R,2.5215,120,I,R
2294,I120S,2.1975,120,I,S
2295,I120T,1.7432,120,I,T
2296,I120V,-0.3439,120,I,V
2297,I120W,2.0517,120,I,W
2298,I120Y,1.8621,120,I,Y
2299,S121A,0.2219,121,S,A
2300,S121D,0.7333,121,S,D
2301,S121E,0.087,121,S,E
2302,S121F,-0.4218,121,S,F
2303,S121G,0.8098,121,S,G
2304,S121H,-0.1182,121,S,H
2305,S121I,-0.3106,121,S,I
2306,S121K,0.0314,121,S,K
2307,S121L,-0.0853,121,S,L
2308,S121M,-0.1284,121,S,M
2309,S121N,0.2979,121,S,N
2310,S121P,1.5076,121,S,P
2311,S121Q,0.0954,121,S,Q
2312,S121R,-0.1283,121,S,R
2313,S121S,0.0,121,S,S
2314,S121T,-0.2974,121,S,T
2315,S121V,-0.3136,121,S,V
2316,S121W,-0.3698,121,S,W
2317,S121Y,-0.4696,121,S,Y
2318,S122A,-0.0026,122,S,A
2319,S122D,0.0007,122,S,D
2320,S122E,-0.0191,122,S,E
2321,S122F,0.1943,122,S,F
2322,S122G,0.1012,122,S,G
2323,S122H,0.1312,122,S,H
2324,S122I,0.1904,122,S,I
2325,S122K,0.2123,122,S,K
2326,S122L,0.1533,122,S,L
2327,S122M,0.1998,122,S,M
2328,S122N,0.1166,122,S,N
2329,S122P,0.1188,122,S,P
2330,S122Q,0.1015,122,S,Q
2331,S122R,0.2814,122,S,R
2332,S122S,0.0,122,S,S
2333,S122T,0.0859,122,S,T
2334,S122V,0.1789,122,S,V
2335,S122W,0.1445,122,S,W
2336,S122Y,0.2813,122,S,Y
